{"eval/episode_reward": 329.33770751953125, "eval/episode_success": 0.0, "eval/step": 0, "eval/episode": 0, "eval/total_time": 33.40637254714966, "_timestamp": 1746709813.311141, "_runtime": 38.755151987075806, "_step": 1000, "train/episode_reward": 361.0516662597656, "train/episode_success": 0.0, "train/step": 1000, "train/episode": 9, "train/total_time": 33.80711627006531, "_wandb": {"runtime": 35}}