{"eval/episode_reward": 0.7665198445320129, "eval/episode_success": 0.0, "eval/step": 0, "eval/episode": 0, "eval/total_time": 7.892171144485474, "_timestamp": 1745108640.5331948, "_runtime": 10.992642879486084, "_step": 2500, "train/episode_reward": 5.6761860847473145, "train/episode_success": 0.0, "train/step": 2500, "train/episode": 4, "train/total_time": 8.182100057601929, "_wandb": {"runtime": 373}}