{"eval/episode_reward": 317.9283142089844, "eval/episode_success": 0.0, "eval/step": 0, "eval/episode": 0, "eval/total_time": 2.71311354637146, "_timestamp": 1745292995.346735, "_runtime": 6.468907117843628, "_step": 1000, "train/episode_reward": 361.0516662597656, "train/episode_success": 0.0, "train/step": 1000, "train/episode": 9, "train/total_time": 3.1197752952575684, "_wandb": {"runtime": 4}}