{"eval/episode_reward": 143.7968292236328, "eval/episode_success": 0.3, "eval/step": 0, "eval/episode": 0, "eval/total_time": 24.454355239868164, "_timestamp": 1745475483.923672, "_runtime": 28.15310788154602, "_step": 1000, "train/episode_reward": 163.25149536132812, "train/episode_success": 0.0, "train/step": 1000, "train/episode": 9, "train/total_time": 25.04149556159973, "_wandb": {"runtime": 26}}