{"eval/episode_reward": 329.9529724121094, "eval/episode_success": 0.0, "eval/step": 0, "eval/episode": 0, "eval/total_time": 45.97353410720825, "_timestamp": 1746781629.2359579, "_runtime": 50.10135889053345, "_step": 1000, "train/episode_reward": 361.0516662597656, "train/episode_success": 0.0, "train/step": 1000, "train/episode": 9, "train/total_time": 46.37059688568115, "_wandb": {"runtime": 47}}