{"eval/episode_reward": 0.8095062375068665, "eval/episode_success": 0.0, "eval/step": 0, "eval/episode": 0, "eval/total_time": 9.923525333404541, "_timestamp": 1745128314.1226645, "_runtime": 14.228934526443481, "_step": 2500, "train/episode_reward": 3.8651108741760254, "train/episode_success": 0.0, "train/step": 2500, "train/episode": 4, "train/total_time": 10.207118511199951, "_wandb": {"runtime": 12}}