{"eval/episode_reward": 125.42936706542969, "eval/episode_success": 0.0, "eval/step": 0, "eval/episode": 0, "eval/total_time": 48.17059373855591, "_timestamp": 1746811390.8750887, "_runtime": 321.90765166282654, "_step": 2200, "train/episode_reward": 538.3804321289062, "train/episode_success": 0.0, "train/step": 2200, "train/episode": 21, "train/total_time": 318.0984408855438, "train/reward_loss": 0.6445822715759277, "train/value_loss": 0.4429875612258911, "train/consistency_loss": 4.3731488403864205e-06, "train/model_loss": 0.1088007241487503, "train/pi_loss": -0.19498132169246674, "train/pi_entropy": 2.718069314956665, "train/pi_scaled_entropy": 10.87227725982666, "train/pi_q": 0.6862057447433472, "train/pi_scale": 24.948904037475586, "_wandb": {"runtime": 330}}