{"eval/episode_reward": 157.63502502441406, "eval/episode_success": 0.0, "eval/step": 0, "eval/episode": 0, "eval/total_time": 49.540709257125854, "_timestamp": 1746882396.6774518, "_runtime": 53.714189767837524, "_step": 1000, "train/episode_reward": 361.0516662597656, "train/episode_success": 0.0, "train/step": 1000, "train/episode": 9, "train/total_time": 49.93304753303528, "_wandb": {"runtime": 51}}