{"eval/episode_reward": 55.90449142456055, "eval/episode_success": 0.0, "eval/step": 0, "eval/episode": 0, "eval/total_time": 63.05853509902954, "_timestamp": 1745848800.7851694, "_runtime": 3255.3709213733673, "_step": 13900, "train/episode_reward": 904.0112915039062, "train/episode_success": 0.0, "train/step": 13900, "train/episode": 138, "train/total_time": 3239.747946500778, "train/policy_loss": 4.364707946777344, "train/reward_loss": 0.6901922821998596, "train/value_loss": 0.001388600911013782, "train/consistency_loss": 8.290944606414996e-06, "train/total_loss": 0.0692409947514534, "_wandb": {"runtime": 3246}}