{"videos/eval_video": {"_type": "video-file", "sha256": "de85ed41b2f235d320ae932dad780d3dd281af958492580dc22064938c35e8d8", "size": 1009399, "path": "media/videos/videos/eval_video_99500_de85ed41b2f235d320ae.mp4", "width": 384, "height": 384}, "_timestamp": 1745418489.1317768, "eval/episode_reward": 36.25319290161133, "eval/episode_success": 0.0, "eval/step": 100000, "eval/episode": 199, "eval/total_time": 67146.90609502792, "_runtime": 86761.37190079689, "_step": 124500, "train/episode_reward": 48.31047439575195, "train/episode_success": 0.0, "train/step": 124500, "train/episode": 248, "train/total_time": 86756.67899680138, "train/reward_loss": 0.09404518455266953, "train/value_loss": 0.2525213062763214, "train/consistency_loss": 0.0005765195819549263, "train/loss": -0.24811086058616638}