{"eval/episode_reward": 369.04986572265625, "eval/episode_success": 0.0, "eval/step": 0, "eval/episode": 0, "eval/total_time": 2.7027995586395264, "_timestamp": 1745911876.811872, "_runtime": 335.4098889827728, "_step": 5600, "train/episode_reward": 120.27545166015625, "train/episode_success": 0.0, "train/step": 5600, "train/episode": 55, "train/total_time": 331.70817708969116, "train/policy_loss": 0.2312990427017212, "train/reward_loss": 0.19812311232089996, "train/value_loss": 0.007961572147905827, "train/consistency_loss": 0.0012949766824021935, "train/total_loss": 0.02060846984386444, "_wandb": {"runtime": 337}}