{"eval/episode_reward": 317.8711853027344, "eval/episode_success": 0.0, "eval/step": 40000, "eval/episode": 399, "eval/total_time": 5281.038543462753, "_timestamp": 1746854166.8688612, "_runtime": 7638.378189086914, "_step": 58200, "train/episode_reward": 305.1243591308594, "train/episode_success": 0.0, "train/step": 58200, "train/episode": 581, "train/total_time": 7634.6758098602295, "train/reward_loss": 0.5559616684913635, "train/value_loss": 0.6603181958198547, "train/consistency_loss": 1.803863597160671e-06, "train/model_loss": 0.12164602428674698, "train/pi_loss": -0.20593348145484924, "train/pi_entropy": 2.7383832931518555, "train/pi_scaled_entropy": 10.953533172607422, "train/pi_q": 0.7256250977516174, "train/pi_scale": 223.22781372070312}