{"eval/episode_reward": 0.7665198445320129, "eval/episode_success": 0.0, "eval/step": 0, "eval/episode": 0, "eval/total_time": 8.15457010269165, "_timestamp": 1745106778.8424466, "_runtime": 11.3640296459198, "_step": 2500, "train/episode_reward": 4.740703582763672, "train/episode_success": 0.0, "train/step": 2500, "train/episode": 4, "train/total_time": 8.44377064704895, "_wandb": {"runtime": 16}}