{"eval/episode_reward": 143.7968292236328, "eval/episode_success": 0.3, "eval/step": 0, "eval/episode": 0, "eval/total_time": 24.41801118850708, "_timestamp": 1745474922.929975, "_runtime": 27.91896891593933, "_step": 1000, "train/episode_reward": 163.25149536132812, "train/episode_success": 0.0, "train/step": 1000, "train/episode": 9, "train/total_time": 25.00680422782898, "_wandb": {"runtime": 28}}