{"eval/episode_reward": 0.8095062375068665, "eval/episode_success": 0.0, "eval/step": 0, "eval/episode": 0, "eval/total_time": 9.918201446533203, "_timestamp": 1745128096.076394, "_runtime": 15.415925979614258, "_step": 2500, "train/episode_reward": 1.8944072723388672, "train/episode_success": 0.0, "train/step": 2500, "train/episode": 4, "train/total_time": 10.2030508518219, "_wandb": {"runtime": 12}}