{"eval/episode_reward": 53.88359451293945, "eval/episode_success": 0.0, "eval/step": 0, "eval/episode": 0, "eval/total_time": 38.655200481414795, "_timestamp": 1747197457.660561, "_runtime": 797.10631108284, "_step": 7300, "train/episode_reward": 1416.346923828125, "train/episode_success": 0.0, "train/step": 7300, "train/episode": 72, "train/total_time": 794.0973973274231, "train/reward_loss": 0.5381072759628296, "train/value_loss": 0.6070970296859741, "train/consistency_loss": 1.951677575107169e-07, "train/total_loss": 0.11452433466911316, "train/grad_norm": 2.9429116249084473, "train/pi_loss": 0.0011770975543186069, "train/pi_grad_norm": 0.004359051119536161, "train/pi_entropy": -30.528270721435547, "train/pi_scaled_entropy": -8.67867660522461, "train/pi_scale": 1.0, "_wandb": {"runtime": 804}}