{"eval/episode_reward": 579.7183837890625, "eval/episode_success": 0.0, "eval/episode_length": 500.0, "eval/step": 1600000, "eval/episode": 3199, "eval/elapsed_time": 83956.55923628807, "eval/steps_per_second": 19.057474657780414, "_timestamp": 1747381302.9879248, "_runtime": 84756.1872189045, "_step": 1616000, "train/episode_reward": 580.8103637695312, "train/episode_success": 0.0, "train/episode_length": 501, "train/episode_terminated": 0.0, "train/step": 1616000, "train/episode": 3231, "train/elapsed_time": 84753.03185105324, "train/steps_per_second": 19.067164497902475, "train/consistency_loss": 5.395154585130513e-05, "train/reward_loss": 0.2736790180206299, "train/value_loss": 0.3211449086666107, "train/termination_loss": 0.0, "train/total_loss": 0.06056142598390579, "train/grad_norm": 0.13687488436698914, "train/pi_loss": -4.054244041442871, "train/pi_grad_norm": 0.010020905174314976, "train/pi_entropy": -371.6974792480469, "train/pi_scaled_entropy": 4939.958984375, "train/pi_scale": 13.861385345458984}