{"eval/episode_reward": 369.04986572265625, "eval/episode_success": 0.0, "eval/step": 0, "eval/episode": 0, "eval/total_time": 2.689188241958618, "_timestamp": 1745912753.0557938, "_runtime": 256.6269807815552, "_step": 2600, "train/episode_reward": 125.72614288330078, "train/episode_success": 0.0, "train/step": 2600, "train/episode": 25, "train/total_time": 253.18285012245178, "train/policy_loss": 0.3640502393245697, "train/reward_loss": 0.24947582185268402, "train/value_loss": 0.021184395998716354, "train/consistency_loss": 6.452553691360663e-08, "train/total_loss": 0.027067312970757484}