{"eval/episode_reward": 99.7756576538086, "eval/episode_success": 0.0, "eval/step": 80000, "eval/episode": 799, "eval/total_time": 26655.84718489647, "_timestamp": 1745885606.3226383, "_runtime": 29348.340755224228, "_step": 87900, "train/episode_reward": 594.7342529296875, "train/episode_success": 0.0, "train/step": 87900, "train/episode": 878, "train/total_time": 29342.68632054329, "train/policy_loss": 1.0716580152511597, "train/reward_loss": 0.1743534654378891, "train/value_loss": 0.01108096819370985, "train/consistency_loss": 5.966135177004617e-07, "train/total_loss": 0.018544040620326996, "_wandb": {"runtime": 29349}}