{"eval/episode_reward": 115.15782165527344, "eval/episode_success": 0.0, "eval/step": 0, "eval/episode": 0, "eval/total_time": 42.520007848739624, "_timestamp": 1746859683.2059913, "_runtime": 625.781099319458, "_step": 4900, "train/episode_reward": 267.9117126464844, "train/episode_success": 0.0, "train/step": 4900, "train/episode": 48, "train/total_time": 621.8757939338684, "train/reward_loss": 0.604974091053009, "train/value_loss": 0.5811763405799866, "train/consistency_loss": 2.774432687147055e-06, "train/model_loss": 0.11864279210567474, "train/pi_loss": -0.1926048845052719, "train/pi_entropy": 2.728585958480835, "train/pi_scaled_entropy": 10.91434383392334, "train/pi_q": 0.6743847131729126, "train/pi_scale": 172.47450256347656, "_wandb": {"runtime": 627}}