{"eval/episode_reward": 328.60589599609375, "eval/episode_success": 0.0, "eval/step": 0, "eval/episode": 0, "eval/total_time": 47.31316614151001, "_timestamp": 1746802044.2201715, "_runtime": 53.00496554374695, "_step": 1000, "train/episode_reward": 361.0516662597656, "train/episode_success": 0.0, "train/step": 1000, "train/episode": 9, "train/total_time": 47.705267667770386, "_wandb": {"runtime": 48}}