{"eval/episode_reward": 0.7665198445320129, "eval/episode_success": 0.0, "eval/step": 0, "eval/episode": 0, "eval/total_time": 8.273276567459106, "_timestamp": 1745101752.4535062, "_runtime": 11.307324171066284, "_step": 2500, "train/episode_reward": 7.3039631843566895, "train/episode_success": 0.0, "train/step": 2500, "train/episode": 4, "train/total_time": 8.558717012405396, "_wandb": {"runtime": 686}}