{"eval/episode_reward": 0.0, "eval/episode_success": 0.0, "eval/step": 0, "eval/episode": 0, "eval/total_time": 19.7844398021698, "_timestamp": 1745679109.9729996, "_runtime": 7282.578118562698, "_step": 6100, "train/episode_reward": 0.0, "train/episode_success": 0.0, "train/step": 6100, "train/episode": 60, "train/total_time": 7279.199181556702, "train/policy_loss": 5.115126609802246, "train/reward_loss": 0.600078821182251, "train/value_loss": 0.04888473078608513, "train/consistency_loss": 0.008188260719180107, "train/total_loss": 0.22917309403419495, "_wandb": {"runtime": 7391}}