{"eval/episode_reward": 204.8154296875, "eval/episode_success": 0.0, "eval/step": 160000, "eval/episode": 1599, "eval/total_time": 72006.80080890656, "_timestamp": 1745798701.4865115, "_runtime": 78915.76878356934, "_step": 175400, "train/episode_reward": 160.7265625, "train/episode_success": 0.0, "train/step": 175400, "train/episode": 1753, "train/total_time": 78912.2103562355, "train/policy_loss": 23.34458351135254, "train/reward_loss": 2.0123815536499023, "train/value_loss": 9.683200914878398e-05, "train/consistency_loss": 0.017311394214630127, "train/total_loss": 0.37669622898101807, "_wandb": {"runtime": 78925}}