{"eval/episode_reward": 314.9434814453125, "eval/episode_success": 0.0, "eval/step": 0, "eval/episode": 0, "eval/total_time": 39.20715045928955, "_timestamp": 1746699547.0255172, "_runtime": 43.33092427253723, "_step": 1000, "train/episode_reward": 361.0516662597656, "train/episode_success": 0.0, "train/step": 1000, "train/episode": 9, "train/total_time": 39.604846477508545, "_wandb": {"runtime": 40}}