{"eval/episode_reward": 143.7968292236328, "eval/episode_success": 0.3, "eval/step": 0, "eval/episode": 0, "eval/total_time": 24.54332184791565, "_timestamp": 1745474420.7661517, "_runtime": 34.34949254989624, "_step": 1000, "train/episode_reward": 163.25149536132812, "train/episode_success": 0.0, "train/step": 1000, "train/episode": 9, "train/total_time": 25.135921239852905, "_wandb": {"runtime": 28}}