{"eval/episode_reward": 242.0946807861328, "eval/episode_success": 0.0, "eval/step": 0, "eval/episode": 0, "eval/total_time": 1.403221607208252, "_timestamp": 1745287428.3757172, "_runtime": 10.417211055755615, "_step": 1000, "train/episode_reward": 361.0516662597656, "train/episode_success": 0.0, "train/step": 1000, "train/episode": 9, "train/total_time": 1.7787611484527588, "_wandb": {"runtime": 61}}