{"eval/episode_reward": 277.5655212402344, "eval/episode_success": 0.0, "eval/step": 0, "eval/episode": 0, "eval/total_time": 17.154685974121094, "_timestamp": 1747064959.0897684, "_runtime": 670.4487063884735, "_step": 8400, "train/episode_reward": 277.1101989746094, "train/episode_success": 0.0, "train/step": 8400, "train/episode": 83, "train/total_time": 662.844940662384, "train/reward_loss": 0.6549534797668457, "train/value_loss": 0.7307352423667908, "train/consistency_loss": 4.900547310171532e-07, "train/total_loss": 0.13857868313789368, "train/grad_norm": 8.65987777709961, "train/pi_loss": -0.09657596051692963, "train/pi_grad_norm": 0.22819657623767853, "train/pi_entropy": -8.086885452270508, "train/pi_scaled_entropy": -31.117515563964844, "train/pi_scale": 1.0, "_wandb": {"runtime": 667}}