{"eval/episode_reward": 125.42936706542969, "eval/episode_success": 0.0, "eval/step": 0, "eval/episode": 0, "eval/total_time": 47.399317264556885, "_timestamp": 1746812222.312369, "_runtime": 54.14735722541809, "_step": 1000, "train/episode_reward": 361.0516662597656, "train/episode_success": 0.0, "train/step": 1000, "train/episode": 9, "train/total_time": 47.78723168373108, "_wandb": {"runtime": 49}}