{"eval/episode_reward": 317.9283142089844, "eval/episode_success": 0.0, "eval/step": 0, "eval/episode": 0, "eval/total_time": 1.5148842334747314, "_timestamp": 1745303229.625708, "_runtime": 5.21406102180481, "_step": 1000, "train/episode_reward": 361.0516662597656, "train/episode_success": 0.0, "train/step": 1000, "train/episode": 9, "train/total_time": 1.9100782871246338, "_wandb": {"runtime": 3}}