{"eval/episode_reward": 180.6945343017578, "eval/episode_success": 0.0, "eval/step": 0, "eval/episode": 0, "eval/total_time": 25.20188570022583, "_timestamp": 1745678815.136973, "_runtime": 6668.23614692688, "_step": 5700, "train/episode_reward": 24.274738311767578, "train/episode_success": 0.0, "train/step": 5700, "train/episode": 56, "train/total_time": 6663.337569952011, "train/policy_loss": 11.74769115447998, "train/reward_loss": 0.5525266528129578, "train/value_loss": 0.0953061431646347, "train/consistency_loss": 0.005725760944187641, "train/total_loss": 0.18047326803207397, "_wandb": {"runtime": 6835}}