{"eval/episode_reward": 328.58294677734375, "eval/episode_success": 0.0, "eval/step": 0, "eval/episode": 0, "eval/total_time": 46.54204344749451, "_timestamp": 1746790851.1505368, "_runtime": 52.77973484992981, "_step": 1000, "train/episode_reward": 361.0516662597656, "train/episode_success": 0.0, "train/step": 1000, "train/episode": 9, "train/total_time": 46.93227767944336, "_wandb": {"runtime": 48}}