{"eval/episode_reward": 125.42936706542969, "eval/episode_success": 0.0, "eval/step": 0, "eval/episode": 0, "eval/total_time": 48.07122564315796, "_timestamp": 1746811477.0098143, "_runtime": 53.70604920387268, "_step": 1000, "train/episode_reward": 361.0516662597656, "train/episode_success": 0.0, "train/step": 1000, "train/episode": 9, "train/total_time": 48.458962202072144, "_wandb": {"runtime": 49}}