{"eval/episode_reward": 1777.301513671875, "eval/episode_success": 0.7, "eval/step": 60000, "eval/episode": 599, "eval/total_time": 51506.43477797508, "_timestamp": 1747122248.0885434, "_runtime": 56803.60439348221, "_step": 66300, "train/episode_reward": 1831.09814453125, "train/episode_success": 1.0, "train/step": 66300, "train/episode": 662, "train/total_time": 56799.13176321983, "train/reward_loss": 0.515383243560791, "train/value_loss": 0.5269962549209595, "train/consistency_loss": 8.433435141341761e-07, "train/total_loss": 0.1042548194527626, "train/grad_norm": 3.973205804824829, "train/pi_loss": -74.4527587890625, "train/pi_grad_norm": 1.2193946474781114e-07, "train/pi_entropy": -22.102758407592773, "train/pi_scaled_entropy": 54.68715286254883, "train/pi_scale": 16.499691009521484, "_wandb": {"runtime": 56810}}