{"eval/episode_reward": 0.8095062375068665, "eval/episode_success": 0.0, "eval/step": 0, "eval/episode": 0, "eval/total_time": 9.591137170791626, "_timestamp": 1745158347.7528067, "_runtime": 14.817638635635376, "_step": 2500, "train/episode_reward": 4.145642280578613, "train/episode_success": 0.0, "train/step": 2500, "train/episode": 4, "train/total_time": 9.871798038482666, "_wandb": {"runtime": 12}}