{"eval/episode_reward": 275.0777893066406, "eval/episode_success": 0.0, "eval/step": 0, "eval/episode": 0, "eval/total_time": 35.06703972816467, "_timestamp": 1745938724.1671145, "_runtime": 944.4946963787079, "_step": 7300, "train/episode_reward": 118.43905639648438, "train/episode_success": 0.0, "train/step": 7300, "train/episode": 72, "train/total_time": 937.1015968322754, "train/reward_loss": 0.012254035100340843, "train/value_loss": 0.004724501632153988, "train/consistency_loss": 3.4587866792890054e-08, "train/model_loss": 0.001698199543170631, "train/pi_loss": -0.005748933181166649, "_wandb": {"runtime": 940}}