{"eval/episode_reward": 243.430419921875, "eval/episode_success": 0.0, "eval/step": 0, "eval/episode": 0, "eval/total_time": 5.564844131469727, "_timestamp": 1745241937.868341, "_runtime": 9.553317070007324, "_step": 1000, "train/episode_reward": 361.0516662597656, "train/episode_success": 0.0, "train/step": 1000, "train/episode": 9, "train/total_time": 5.952457427978516, "_wandb": {"runtime": 7}}