{"eval/episode_reward": 242.0946807861328, "eval/episode_success": 0.0, "eval/step": 0, "eval/episode": 0, "eval/total_time": 1.3861076831817627, "_timestamp": 1745286349.9205568, "_runtime": 4.752957820892334, "_step": 1000, "train/episode_reward": 361.0516662597656, "train/episode_success": 0.0, "train/step": 1000, "train/episode": 9, "train/total_time": 1.7625195980072021, "_wandb": {"runtime": 6}}