{"eval/episode_reward": 354.4132385253906, "eval/episode_success": 0.0, "eval/step": 0, "eval/episode": 0, "eval/total_time": 33.57430672645569, "_timestamp": 1746712654.2937467, "_runtime": 37.83572769165039, "_step": 1000, "train/episode_reward": 361.0516662597656, "train/episode_success": 0.0, "train/step": 1000, "train/episode": 9, "train/total_time": 33.97571635246277, "_wandb": {"runtime": 35}}