{"eval/episode_reward": 0.8095062375068665, "eval/episode_success": 0.0, "eval/step": 0, "eval/episode": 0, "eval/total_time": 9.550280332565308, "_timestamp": 1745161457.830352, "_runtime": 15.869603157043457, "_step": 2500, "train/episode_reward": 7.037161827087402, "train/episode_success": 0.0, "train/step": 2500, "train/episode": 4, "train/total_time": 9.825993537902832, "_wandb": {"runtime": 10}}