{"eval/episode_reward": 354.4132385253906, "eval/episode_success": 0.0, "eval/step": 0, "eval/episode": 0, "eval/total_time": 33.14382863044739, "_timestamp": 1746713101.8907762, "_runtime": 36.949451208114624, "_step": 1000, "train/episode_reward": 361.0516662597656, "train/episode_success": 0.0, "train/step": 1000, "train/episode": 9, "train/total_time": 33.54106259346008, "_wandb": {"runtime": 34}}