{"eval/episode_reward": 277.5655212402344, "eval/episode_success": 0.0, "eval/step": 0, "eval/episode": 0, "eval/total_time": 16.781490802764893, "_timestamp": 1747064169.0903661, "_runtime": 25.31271004676819, "_step": 1000, "train/episode_reward": 294.177978515625, "train/episode_success": 0.0, "train/step": 1000, "train/episode": 9, "train/total_time": 17.176034927368164, "_wandb": {"runtime": 18}}