{"eval/episode_reward": 155.75840759277344, "eval/episode_success": 0.0, "eval/step": 0, "eval/episode": 0, "eval/total_time": 178.72892475128174, "_timestamp": 1745800104.4493084, "_runtime": 182.31901049613953, "_step": 1000, "train/episode_reward": 361.0516662597656, "train/episode_success": 0.0, "train/step": 1000, "train/episode": 9, "train/total_time": 179.12564873695374, "_wandb": {"runtime": 342}}