{"eval/episode_reward": 53.88359451293945, "eval/episode_success": 0.0, "eval/step": 0, "eval/episode": 0, "eval/total_time": 36.25985312461853, "_timestamp": 1747211636.4787328, "_runtime": 39.84354281425476, "_step": 1000, "train/episode_reward": 294.177978515625, "train/episode_success": 0.0, "train/step": 1000, "train/episode": 9, "train/total_time": 36.65447163581848, "_wandb": {"runtime": 37}}