{"eval/episode_reward": 125.6579818725586, "eval/episode_success": 0.0, "eval/step": 0, "eval/episode": 0, "eval/total_time": 46.6038031578064, "_timestamp": 1746802581.0280654, "_runtime": 52.73515248298645, "_step": 1000, "train/episode_reward": 361.0516662597656, "train/episode_success": 0.0, "train/step": 1000, "train/episode": 9, "train/total_time": 46.993632316589355, "_wandb": {"runtime": 48}}