{"eval/episode_reward": 328.58294677734375, "eval/episode_success": 0.0, "eval/step": 0, "eval/episode": 0, "eval/total_time": 46.58948493003845, "_timestamp": 1746794205.5560334, "_runtime": 577.1179482936859, "_step": 4200, "train/episode_reward": 337.7135009765625, "train/episode_success": 0.0, "train/step": 4200, "train/episode": 41, "train/total_time": 573.7641930580139, "train/reward_loss": 0.18710605800151825, "train/value_loss": 0.021073827520012856, "train/consistency_loss": 2.717219558689976e-06, "train/model_loss": 0.020845159888267517, "train/pi_loss": 0.06504407525062561, "train/pi_entropy": 10.7489595413208, "train/pi_q": -0.23114873468875885, "_wandb": {"runtime": 586}}