{"eval/episode_reward": 0.8095062375068665, "eval/episode_success": 0.0, "eval/step": 0, "eval/episode": 0, "eval/total_time": 9.512589454650879, "_timestamp": 1745159938.645922, "_runtime": 13.970300912857056, "_step": 2500, "train/episode_reward": 15.506699562072754, "train/episode_success": 0.0, "train/step": 2500, "train/episode": 4, "train/total_time": 9.787760019302368, "_wandb": {"runtime": 12}}