{"eval/episode_reward": 328.60589599609375, "eval/episode_success": 0.0, "eval/step": 0, "eval/episode": 0, "eval/total_time": 47.37209129333496, "_timestamp": 1746795038.4384036, "_runtime": 546.6521716117859, "_step": 3900, "train/episode_reward": 270.6805419921875, "train/episode_success": 0.0, "train/step": 3900, "train/episode": 38, "train/total_time": 541.1120414733887, "train/reward_loss": 0.4319196343421936, "train/value_loss": 0.01792175881564617, "train/consistency_loss": 3.711077442858368e-05, "train/model_loss": 0.04535524919629097, "train/pi_loss": 0.005410559009760618, "train/pi_entropy": 10.655156135559082, "train/pi_q": -0.0202152281999588, "_wandb": {"runtime": 553}}