{"eval/episode_reward": 125.6579818725586, "eval/episode_success": 0.0, "eval/step": 0, "eval/episode": 0, "eval/total_time": 41.71001696586609, "_timestamp": 1746808142.9631534, "_runtime": 296.10010838508606, "_step": 2100, "train/episode_reward": 367.490966796875, "train/episode_success": 0.0, "train/step": 2100, "train/episode": 20, "train/total_time": 287.9420757293701, "train/reward_loss": 0.5956490635871887, "train/value_loss": 0.07854411751031876, "train/consistency_loss": 8.289433708341676e-07, "train/model_loss": 0.0674276128411293, "train/pi_loss": -0.3668338358402252, "train/pi_entropy": 2.739269733428955, "train/pi_scaled_entropy": 10.95707893371582, "train/pi_q": 1.2926095724105835, "train/pi_scale": 0.1719444990158081, "_wandb": {"runtime": 301}}