{"eval/episode_reward": 0.7665198445320129, "eval/episode_success": 0.0, "eval/step": 0, "eval/episode": 0, "eval/total_time": 7.693309307098389, "_timestamp": 1745105344.0917778, "_runtime": 10.920576810836792, "_step": 2500, "train/episode_reward": 5.471287727355957, "train/episode_success": 0.0, "train/step": 2500, "train/episode": 4, "train/total_time": 7.986346960067749, "_wandb": {"runtime": 10}}