{"eval/episode_reward": 279.42144775390625, "eval/episode_success": 0.0, "eval/step": 0, "eval/episode": 0, "eval/total_time": 16.21858835220337, "_timestamp": 1747057965.5490322, "_runtime": 20.27395224571228, "_step": 1000, "train/episode_reward": 294.177978515625, "train/episode_success": 0.0, "train/step": 1000, "train/episode": 9, "train/total_time": 16.606276988983154, "_wandb": {"runtime": 36}}