{"eval/episode_reward": 0.0, "eval/episode_success": 0.0, "eval/step": 0, "eval/episode": 0, "eval/total_time": 17.695366144180298, "_timestamp": 1746688157.9299228, "_runtime": 136.7031238079071, "_step": 1100, "train/episode_reward": 2.6740360260009766, "train/episode_success": 0.0, "train/step": 1100, "train/episode": 10, "train/total_time": 132.59474349021912, "_wandb": {"runtime": 136}, "train/reward_loss": 0.722379207611084, "train/value_loss": 0.08637163788080215, "train/consistency_loss": 8.277249463617409e-08, "train/model_loss": 0.08087591081857681, "train/pi_loss": -0.0013459896435961127, "train/bc_loss": 1.0633060810505413e-05, "train/adv_mean": -0.9275202751159668, "train/adv_std": 0.15162813663482666}