{"eval/episode_reward": 0.8095062375068665, "eval/episode_success": 0.0, "eval/step": 0, "eval/episode": 0, "eval/total_time": 9.354116916656494, "_timestamp": 1745132133.6306632, "_runtime": 12.48528504371643, "_step": 2500, "train/episode_reward": 4.006086349487305, "train/episode_success": 0.0, "train/step": 2500, "train/episode": 4, "train/total_time": 9.627066850662231, "_wandb": {"runtime": 11}}