{"eval/episode_reward": 369.04986572265625, "eval/episode_success": 0.0, "eval/step": 0, "eval/episode": 0, "eval/total_time": 2.7101948261260986, "_timestamp": 1745915133.1638875, "_runtime": 7.6258225440979, "_step": 1000, "train/episode_reward": 361.0516662597656, "train/episode_success": 0.0, "train/step": 1000, "train/episode": 9, "train/total_time": 3.116034507751465, "_wandb": {"runtime": 4}}