{"videos/eval_video": {"_type": "video-file", "sha256": "6e6c447ce1a5b4fa7e346477844b9e4062bea43951d5a12dc847c5bebed83d2c", "size": 1175229, "path": "media/videos/videos/eval_video_4500_6e6c447ce1a5b4fa7e34.mp4", "width": 384, "height": 384}, "_timestamp": 1745418449.5097203, "eval/episode_reward": 6.568528652191162, "eval/episode_success": 0.0, "eval/step": 5000, "eval/episode": 9, "eval/total_time": 8150.783316612244, "_runtime": 10076.005462408066, "_step": 7000, "train/episode_reward": 7.087596416473389, "train/episode_success": 0.0, "train/step": 7000, "train/episode": 13, "train/total_time": 10072.586751461029, "train/reward_loss": 4.820805770577863e-05, "train/value_loss": 0.24908868968486786, "train/consistency_loss": 3.571716297301464e-05, "train/loss": -0.27146443724632263}