{"eval/episode_reward": 275.0777893066406, "eval/episode_success": 0.0, "eval/step": 0, "eval/episode": 0, "eval/total_time": 34.506882190704346, "_timestamp": 1745940193.4804113, "_runtime": 1281.4519662857056, "_step": 10100, "train/episode_reward": 962.3051147460938, "train/episode_success": 0.0, "train/step": 10100, "train/episode": 100, "train/total_time": 1277.8471269607544, "train/reward_loss": 0.5581855177879333, "train/value_loss": 0.08989424258470535, "train/consistency_loss": 3.42196217388846e-05, "train/model_loss": 0.0651501789689064, "train/pi_loss": -0.012608969584107399, "_wandb": {"runtime": 1289}}