{"eval/episode_reward": 0.8095062375068665, "eval/episode_success": 0.0, "eval/step": 0, "eval/episode": 0, "eval/total_time": 9.44146990776062, "_timestamp": 1745129758.3979762, "_runtime": 13.90059518814087, "_step": 2500, "train/episode_reward": 4.697965621948242, "train/episode_success": 0.0, "train/step": 2500, "train/episode": 4, "train/total_time": 9.714500427246094, "_wandb": {"runtime": 11}}