{"eval/episode_reward": 82.13421630859375, "eval/episode_success": 0.0, "eval/step": 0, "eval/episode": 0, "eval/total_time": 19.510623455047607, "_timestamp": 1745648844.3902664, "_runtime": 231.44620037078857, "_step": 1400, "train/episode_reward": 80.89651489257812, "train/episode_success": 0.0, "train/step": 1400, "train/episode": 13, "train/total_time": 226.57102489471436, "train/policy_loss": 3.68855619430542, "train/reward_loss": 1.6967686414718628, "train/value_loss": 9.839844703674316, "train/consistency_loss": 2.0914507103952928e-07, "train/total_loss": 1.1540343761444092, "_wandb": {"runtime": 263}}