{"eval/episode_reward": 0.7665198445320129, "eval/episode_success": 0.0, "eval/step": 0, "eval/episode": 0, "eval/total_time": 7.6893064975738525, "_timestamp": 1745110613.7667134, "_runtime": 11.253135442733765, "_step": 2500, "train/episode_reward": 9.320943832397461, "train/episode_success": 0.0, "train/step": 2500, "train/episode": 4, "train/total_time": 7.975257396697998, "_wandb": {"runtime": 2081}}