{"eval/episode_reward": 0.0, "eval/episode_success": 0.0, "eval/step": 0, "eval/episode": 0, "eval/total_time": 17.72926139831543, "_timestamp": 1746689611.2412663, "_runtime": 258.8609571456909, "_step": 2600, "train/episode_reward": 0.0, "train/episode_success": 0.0, "train/step": 2600, "train/episode": 25, "train/total_time": 254.6202313899994, "train/reward_loss": 0.6713750958442688, "train/value_loss": 0.07228582352399826, "train/consistency_loss": 1.1539094657564419e-07, "train/model_loss": 0.07436724752187729, "train/pi_loss": 0.013784484006464481, "train/adv_mean": -1.035855770111084, "train/adv_std": 0.12112075090408325, "_wandb": {"runtime": 258}}