{"eval/episode_reward": 143.7968292236328, "eval/episode_success": 0.3, "eval/step": 0, "eval/episode": 0, "eval/total_time": 23.363649606704712, "_timestamp": 1745468233.835862, "_runtime": 26.871421813964844, "_step": 1000, "train/episode_reward": 163.25149536132812, "train/episode_success": 0.0, "train/step": 1000, "train/episode": 9, "train/total_time": 23.941420316696167, "_wandb": {"runtime": 25}}