{"eval/episode_reward": 317.9283142089844, "eval/episode_success": 0.0, "eval/step": 0, "eval/episode": 0, "eval/total_time": 1.398198127746582, "_timestamp": 1745301621.8323588, "_runtime": 5.71169376373291, "_step": 1000, "train/episode_reward": 361.0516662597656, "train/episode_success": 0.0, "train/step": 1000, "train/episode": 9, "train/total_time": 1.790008544921875, "_wandb": {"runtime": 2}}