{"eval/episode_reward": 328.60589599609375, "eval/episode_success": 0.0, "eval/step": 0, "eval/episode": 0, "eval/total_time": 47.11666536331177, "_timestamp": 1746801961.1513705, "_runtime": 927.2313904762268, "_step": 6700, "train/episode_reward": 371.1800231933594, "train/episode_success": 0.0, "train/step": 6700, "train/episode": 66, "train/total_time": 923.4452357292175, "train/reward_loss": 0.09481310844421387, "train/value_loss": 0.005880211014300585, "train/consistency_loss": 0.0035568762104958296, "train/model_loss": 0.04563809558749199, "train/pi_loss": -0.07404569536447525, "train/pi_grad_norm": null, "train/pi_entropy": 2.657923460006714, "train/pi_scaled_entropy": 10.631693840026855, "train/pi_q": 0.2611909508705139, "train/pi_scale": 1.0, "_wandb": {"runtime": 930}}