{"eval/episode_reward": 123.8451156616211, "eval/episode_success": 0.0, "eval/step": 80000, "eval/episode": 799, "eval/total_time": 27474.100560426712, "_timestamp": 1745885589.9914308, "_runtime": 28951.817188739777, "_step": 84400, "train/episode_reward": 575.7841186523438, "train/episode_success": 0.0, "train/step": 84400, "train/episode": 843, "train/total_time": 28947.114426136017, "train/policy_loss": 0.9205454587936401, "train/reward_loss": 0.20781861245632172, "train/value_loss": 0.010650263167917728, "train/consistency_loss": 2.1385417312558275e-06, "train/total_loss": 0.021868273615837097, "_wandb": {"runtime": 28962}}