{"eval/episode_reward": 295.4504089355469, "eval/episode_success": 0.0, "eval/step": 0, "eval/episode": 0, "eval/total_time": 33.55837035179138, "_timestamp": 1746669428.4997673, "_runtime": 39.81095218658447, "_step": 1000, "train/episode_reward": 0.7221033573150635, "train/episode_reward_raw": 361.0516662597656, "train/episode_success": 0.0, "train/step": 1000, "train/episode": 9, "train/total_time": 36.31132245063782, "_wandb": {"runtime": 58}}