{"eval/episode_reward": 0.8095062375068665, "eval/episode_success": 0.0, "eval/step": 0, "eval/episode": 0, "eval/total_time": 9.423596620559692, "_timestamp": 1745132325.3733354, "_runtime": 13.010703325271606, "_step": 2500, "train/episode_reward": 9.293438911437988, "train/episode_success": 0.0, "train/step": 2500, "train/episode": 4, "train/total_time": 9.698856592178345, "_wandb": {"runtime": 11}}