{"eval/episode_reward": 0.8095062375068665, "eval/episode_success": 0.0, "eval/step": 0, "eval/episode": 0, "eval/total_time": 9.37914490699768, "_timestamp": 1745158723.5143816, "_runtime": 14.508339643478394, "_step": 2500, "train/episode_reward": 4.7478179931640625, "train/episode_success": 0.0, "train/step": 2500, "train/episode": 4, "train/total_time": 9.658841371536255, "_wandb": {"runtime": 11}}