{"_wandb": {"runtime": 1357}, "videos/eval_video": {"_type": "video-file", "sha256": "03743d495296d2629360913c26cfefd7bcd306753cbc616bea36ab5871f861be", "size": 861925, "path": "media/videos/videos/eval_video_0_03743d495296d2629360.mp4", "width": 384, "height": 384}, "_timestamp": 1745379950.6273377, "_runtime": 222.5574026107788, "_step": 0}