{"eval/episode_reward": 62.52399444580078, "eval/episode_success": 0.0, "eval/step": 300000, "eval/episode": 2999, "eval/total_time": 38325.641927957535, "_timestamp": 1746753889.429407, "_runtime": 40440.02727484703, "_step": 316600, "train/episode_reward": 95.66881561279297, "train/episode_success": 0.0, "train/step": 316600, "train/episode": 3165, "train/total_time": 40435.03960156441, "train/reward_loss": 0.06902207434177399, "train/value_loss": 0.0031219825614243746, "train/consistency_loss": 9.389772458234802e-06, "train/model_loss": 0.007308303844183683, "train/pi_loss": -0.06828293949365616, "train/alpha": 0.009999999776482582, "train/entropy": 5.675754070281982, "train/adv_mean": 1.1276986242592102e-06, "train/adv_std": 0.9246581196784973, "_wandb": {"runtime": 40436}}