{"eval/episode_reward": 143.7968292236328, "eval/episode_success": 0.3, "eval/step": 0, "eval/episode": 0, "eval/total_time": 24.247483730316162, "_timestamp": 1745473904.3687804, "_runtime": 30.003682374954224, "_step": 1000, "train/episode_reward": 163.25149536132812, "train/episode_success": 0.0, "train/step": 1000, "train/episode": 9, "train/total_time": 24.831204891204834, "_wandb": {"runtime": 27}}