{"eval/episode_reward": 115.15782165527344, "eval/episode_success": 0.0, "eval/step": 0, "eval/episode": 0, "eval/total_time": 43.345266342163086, "_timestamp": 1746858415.760398, "_runtime": 369.79306292533875, "_step": 2800, "train/episode_reward": 293.3063049316406, "train/episode_success": 0.0, "train/step": 2800, "train/episode": 27, "train/total_time": 365.61126494407654, "train/reward_loss": 0.6908352971076965, "train/value_loss": 0.5639819502830505, "train/consistency_loss": 1.1865352007589536e-06, "train/model_loss": 0.125493586063385, "train/pi_loss": -0.00041987531585618854, "train/pi_entropy": 2.729281425476074, "train/pi_scaled_entropy": 10.917125701904297, "train/pi_q": 0.0003426918701734394, "train/pi_scale": 1.0, "_wandb": {"runtime": 368}}