{"eval/episode_reward": 34.99285125732422, "eval/episode_success": 0.0, "eval/step": 50000, "eval/episode": 99, "eval/total_time": 25404.179974079132, "_timestamp": 1745379709.7393603, "_runtime": 53937.021936416626, "_step": 96000, "train/episode_reward": 46.87255859375, "train/episode_success": 0.0, "train/step": 96000, "train/episode": 191, "train/total_time": 53932.17068076134, "train/reward_loss": 0.0872514471411705, "train/value_loss": 0.2525506615638733, "train/consistency_loss": 0.0003398743865545839, "train/loss": -0.24964185059070587, "_wandb": {"runtime": 53934}}