{"eval/episode_reward": 170.63516235351562, "eval/episode_success": 0.0, "eval/step": 0, "eval/episode": 0, "eval/total_time": 43.50146269798279, "_timestamp": 1747016989.4349418, "_runtime": 260.0368947982788, "_step": 1900, "train/episode_reward": 94.12871551513672, "train/episode_success": 0.0, "train/step": 1900, "train/episode": 18, "train/total_time": 256.76978731155396, "train/reward_loss": 0.7070532441139221, "train/value_loss": 1.000124216079712, "train/consistency_loss": 2.2241222552565887e-07, "train/total_loss": 0.1707199662923813, "train/grad_norm": 12.531706809997559, "train/pi_loss": 0.05230163037776947, "train/pi_grad_norm": 0.026993218809366226, "train/pi_entropy": -40.10493850708008, "train/pi_scaled_entropy": 16.898841857910156, "train/pi_q": -0.18572358787059784, "train/pi_scale": 0.6071876287460327, "_wandb": {"runtime": 262}}