{"eval/episode_reward": 157.63502502441406, "eval/episode_success": 0.0, "eval/step": 0, "eval/episode": 0, "eval/total_time": 49.5161566734314, "_timestamp": 1746883264.2477217, "_runtime": 167.1909556388855, "_step": 1100, "train/episode_reward": 134.51998901367188, "train/episode_success": 0.0, "train/step": 1100, "train/episode": 10, "train/total_time": 163.53687143325806, "_wandb": {"runtime": 173}, "train/reward_loss": 0.6965844035148621, "train/value_loss": 0.7511727213859558, "train/consistency_loss": 2.9923916144980467e-07, "train/total_loss": 0.14477871358394623, "train/grad_norm": 4.925973415374756, "train/pi_loss": -0.17009292542934418, "train/pi_entropy": -21.568790435791016, "train/pi_scaled_entropy": 8.353940963745117, "train/pi_q": 0.5988825559616089, "train/pi_scale": 1.0}