{"videos/eval_video": {"_type": "video-file", "sha256": "ed11fb1df937fb5eff698ad5dcf8a1a5a02c18c8bae637dae064013cd3b475a3", "size": 891692, "path": "media/videos/videos/eval_video_0_ed11fb1df937fb5eff69.mp4", "width": 384, "height": 384}, "_timestamp": 1745385244.7022135, "eval/episode_reward": 36.394195556640625, "eval/episode_success": 0.0, "eval/step": 0, "eval/episode": 0, "eval/total_time": 1986.2166638374329, "_runtime": 4136.453932523727, "_step": 4000, "train/episode_reward": 60.73292541503906, "train/episode_success": 0.0, "train/step": 4000, "train/episode": 7, "train/total_time": 4133.330726623535, "train/reward_loss": 0.0007150659221224487, "train/value_loss": 0.2552293539047241, "train/consistency_loss": 0.00020228733774274588, "train/loss": -0.32971930503845215, "_wandb": {"runtime": 4464}}