{"eval/episode_reward": 170.63516235351562, "eval/episode_success": 0.0, "eval/step": 0, "eval/episode": 0, "eval/total_time": 43.17675232887268, "_timestamp": 1747017697.8869586, "_runtime": 46.825923681259155, "_step": 1000, "train/episode_reward": 361.0516662597656, "train/episode_success": 0.0, "train/step": 1000, "train/episode": 9, "train/total_time": 43.56166481971741, "_wandb": {"runtime": 44}}