{"eval/episode_reward": 157.63502502441406, "eval/episode_success": 0.0, "eval/step": 0, "eval/episode": 0, "eval/total_time": 49.470543384552, "_timestamp": 1746881281.8429472, "_runtime": 53.326940298080444, "_step": 1000, "train/episode_reward": 361.0516662597656, "train/episode_success": 0.0, "train/step": 1000, "train/episode": 9, "train/total_time": 49.86352515220642, "_wandb": {"runtime": 51}}