{"eval/episode_reward": 295.4504089355469, "eval/episode_success": 0.0, "eval/step": 0, "eval/episode": 0, "eval/total_time": 34.34692978858948, "_timestamp": 1745942096.64446, "_runtime": 1510.041072845459, "_step": 11900, "train/episode_reward": 332.2789306640625, "train/episode_success": 0.0, "train/step": 11900, "train/episode": 118, "train/total_time": 1504.10972905159, "train/reward_loss": 0.7308775186538696, "train/value_loss": 0.10493076592683792, "train/consistency_loss": 9.385883458890021e-06, "train/model_loss": 0.08367469161748886, "train/pi_loss": 0.22954131662845612, "_wandb": {"runtime": 1511}}