{"eval/episode_reward": 0.8095062375068665, "eval/episode_success": 0.0, "eval/step": 0, "eval/episode": 0, "eval/total_time": 10.302687883377075, "_timestamp": 1745128554.0529573, "_runtime": 13.42296838760376, "_step": 2500, "train/episode_reward": 10.5245361328125, "train/episode_success": 0.0, "train/step": 2500, "train/episode": 4, "train/total_time": 10.588912963867188, "_wandb": {"runtime": 12}}