{"eval/episode_reward": 0.8095062375068665, "eval/episode_success": 0.0, "eval/step": 0, "eval/episode": 0, "eval/total_time": 9.605021953582764, "_timestamp": 1745156053.1359913, "_runtime": 15.847549438476562, "_step": 2500, "train/episode_reward": 4.941192150115967, "train/episode_success": 0.0, "train/step": 2500, "train/episode": 4, "train/total_time": 9.88105297088623, "_wandb": {"runtime": 13}}