{"eval/episode_reward": 0.7947176694869995, "eval/episode_success": 0.0, "eval/step": 0, "eval/episode": 0, "eval/total_time": 5.687039375305176, "_timestamp": 1745004770.2635012, "_runtime": 8.34677004814148, "_step": 2500, "train/episode_reward": 3.0498738288879395, "train/episode_success": 0.0, "train/step": 2500, "train/episode": 4, "train/total_time": 5.971636056900024, "_wandb": {"runtime": 15}}