{"eval/episode_reward": 240.6951904296875, "eval/episode_success": 0.0, "eval/step": 0, "eval/episode": 0, "eval/total_time": 17.264877557754517, "_timestamp": 1747037553.042892, "_runtime": 409.9969470500946, "_step": 5300, "train/episode_reward": 380.3450927734375, "train/episode_success": 0.0, "train/step": 5300, "train/episode": 52, "train/total_time": 406.722234249115, "train/reward_loss": 0.6090549230575562, "train/value_loss": 0.5699297785758972, "train/consistency_loss": 1.1252587910348666e-06, "train/total_loss": 0.11792097985744476, "train/grad_norm": 8.34861946105957, "train/pi_loss": -0.0412651002407074, "train/pi_grad_norm": 0.00015732989413663745, "train/pi_entropy": -41.63634490966797, "train/pi_scaled_entropy": 54.429527282714844, "train/pi_q": 0.06478340178728104, "train/pi_scale": 1.0, "_wandb": {"runtime": 415}}