{"eval/episode_reward": 0.7665198445320129, "eval/episode_success": 0.0, "eval/step": 0, "eval/episode": 0, "eval/total_time": 7.658918380737305, "_timestamp": 1745107258.5691063, "_runtime": 10.933111429214478, "_step": 2500, "train/episode_reward": 3.981132745742798, "train/episode_success": 0.0, "train/step": 2500, "train/episode": 4, "train/total_time": 7.953082323074341, "_wandb": {"runtime": 16}}