{"eval/episode_reward": 0.8095062375068665, "eval/episode_success": 0.0, "eval/step": 0, "eval/episode": 0, "eval/total_time": 9.320491075515747, "_timestamp": 1745130113.684177, "_runtime": 14.212689876556396, "_step": 2500, "train/episode_reward": 5.3220624923706055, "train/episode_success": 0.0, "train/step": 2500, "train/episode": 4, "train/total_time": 9.589980602264404, "_wandb": {"runtime": 11}}