{"eval/episode_reward": 328.60589599609375, "eval/episode_success": 0.0, "eval/step": 0, "eval/episode": 0, "eval/total_time": 46.837618350982666, "_timestamp": 1746798996.6001937, "_runtime": 348.52013063430786, "_step": 2500, "train/episode_reward": 197.08863830566406, "train/episode_success": 0.0, "train/step": 2500, "train/episode": 24, "train/total_time": 345.2174162864685, "train/reward_loss": 0.30091387033462524, "train/value_loss": 0.018501585349440575, "train/consistency_loss": 7.603228482366831e-07, "train/model_loss": 0.03194915130734444, "train/pi_loss": -621511.125, "train/pi_entropy": -631806.75, "train/pi_q": 0.05315231904387474, "train/alpha": 3.4433436393737793, "_wandb": {"runtime": 351}}