{"eval/episode_reward": 317.9283142089844, "eval/episode_success": 0.0, "eval/step": 0, "eval/episode": 0, "eval/total_time": 1.5610029697418213, "_timestamp": 1745304392.5468934, "_runtime": 6.429685354232788, "_step": 1000, "train/episode_reward": 361.0516662597656, "train/episode_success": 0.0, "train/step": 1000, "train/episode": 9, "train/total_time": 1.958160161972046, "_wandb": {"runtime": 3}}