{"eval/episode_reward": 82.24983978271484, "eval/episode_success": 0.0, "eval/step": 0, "eval/episode": 0, "eval/total_time": 20.90409541130066, "_timestamp": 1745678517.0373378, "_runtime": 8831.918941736221, "_step": 6800, "train/episode_reward": 117.62952423095703, "train/episode_success": 0.0, "train/step": 6800, "train/episode": 67, "train/total_time": 8828.95927977562, "train/policy_loss": 11.732473373413086, "train/reward_loss": 1.9742722511291504, "train/value_loss": 0.012766864150762558, "train/consistency_loss": 0.008151698857545853, "train/total_loss": 0.3629111349582672, "_wandb": {"runtime": 8881}}