{"eval/episode_reward": 143.7968292236328, "eval/episode_success": 0.3, "eval/step": 0, "eval/episode": 0, "eval/total_time": 24.308905363082886, "_timestamp": 1745475231.6958323, "_runtime": 27.771724224090576, "_step": 1000, "train/episode_reward": 163.25149536132812, "train/episode_success": 0.0, "train/step": 1000, "train/episode": 9, "train/total_time": 24.883116722106934, "_wandb": {"runtime": 28}}