{"eval/episode_reward": 115.15782165527344, "eval/episode_success": 0.0, "eval/step": 0, "eval/episode": 0, "eval/total_time": 43.27129292488098, "_timestamp": 1746857100.6150684, "_runtime": 420.60829854011536, "_step": 3200, "train/episode_reward": 206.51336669921875, "train/episode_success": 0.0, "train/step": 3200, "train/episode": 31, "train/total_time": 417.1217761039734, "train/reward_loss": 0.6674521565437317, "train/value_loss": 0.5767080783843994, "train/consistency_loss": 5.275845978758298e-06, "train/model_loss": 0.12446878105401993, "train/pi_loss": -0.005659997928887606, "train/pi_entropy": 2.739070177078247, "train/pi_scaled_entropy": 10.956280708312988, "train/pi_q": 0.01890518143773079, "train/pi_scale": 1.0, "_wandb": {"runtime": 428}}