{"eval/episode_reward": 369.04986572265625, "eval/episode_success": 0.0, "eval/step": 0, "eval/episode": 0, "eval/total_time": 2.709742307662964, "_timestamp": 1745913530.943105, "_runtime": 422.64544701576233, "_step": 4200, "train/episode_reward": 138.7841033935547, "train/episode_success": 0.0, "train/step": 4200, "train/episode": 41, "train/total_time": 398.36408615112305, "train/policy_loss": 0.3517800271511078, "train/reward_loss": 0.13029035925865173, "train/value_loss": 0.007148535456508398, "train/consistency_loss": 4.1453361632193264e-08, "train/total_loss": 0.01374471839517355, "_wandb": {"runtime": 402}}