{"eval/episode_reward": 143.7968292236328, "eval/episode_success": 0.3, "eval/step": 0, "eval/episode": 0, "eval/total_time": 24.18305206298828, "_timestamp": 1745477306.199803, "_runtime": 27.73806405067444, "_step": 1000, "train/episode_reward": 163.25149536132812, "train/episode_success": 0.0, "train/step": 1000, "train/episode": 9, "train/total_time": 24.76832151412964, "_wandb": {"runtime": 25}}