{"eval/episode_reward": 279.42144775390625, "eval/episode_success": 0.0, "eval/step": 0, "eval/episode": 0, "eval/total_time": 16.184540271759033, "_timestamp": 1747040777.8662813, "_runtime": 503.0512623786926, "_step": 6700, "train/episode_reward": 1459.4344482421875, "train/episode_success": 0.0, "train/step": 6700, "train/episode": 66, "train/total_time": 499.0142080783844, "train/reward_loss": 0.678684413433075, "train/value_loss": 0.7072016000747681, "train/consistency_loss": 1.8766701259664842e-07, "train/total_loss": 0.13859236240386963, "train/grad_norm": 23.732481002807617, "train/pi_loss": 0.06350302696228027, "train/pi_grad_norm": 0.11655145138502121, "train/pi_entropy": -25.054149627685547, "train/pi_scaled_entropy": 18.686546325683594, "train/pi_q": -0.11088941991329193, "train/pi_scale": 1.0, "_wandb": {"runtime": 507}}