{"eval/episode_reward": 272.7470397949219, "eval/episode_success": 0.0, "eval/step": 0, "eval/episode": 0, "eval/total_time": 24.147061347961426, "_timestamp": 1745892571.105079, "_runtime": 1322.79456782341, "_step": 13900, "train/episode_reward": 89.00714111328125, "train/episode_success": 0.0, "train/step": 13900, "train/episode": 138, "train/total_time": 1317.0790057182312, "train/policy_loss": 2.0560319423675537, "train/reward_loss": 0.09308934956789017, "train/value_loss": 0.013649696484208107, "train/consistency_loss": 0.01712213270366192, "train/total_loss": 0.029462996870279312, "_wandb": {"runtime": 1318}}