{"eval/episode_reward": 0.7665198445320129, "eval/episode_success": 0.0, "eval/step": 0, "eval/episode": 0, "eval/total_time": 7.757006883621216, "_timestamp": 1745113641.679955, "_runtime": 13.043490886688232, "_step": 2500, "train/episode_reward": 9.736947059631348, "train/episode_success": 0.0, "train/step": 2500, "train/episode": 4, "train/total_time": 8.045168399810791, "_wandb": {"runtime": 16}}