step,episode_reward
0.0,7.371417045593262
5000.0,6.568528652191162
