{"eval/episode_reward": 242.0946807861328, "eval/episode_success": 0.0, "eval/step": 0, "eval/episode": 0, "eval/total_time": 1.4204363822937012, "_timestamp": 1745288489.4488785, "_runtime": 971.6366746425629, "_step": 10000, "train/episode_reward": 74.57691955566406, "train/episode_success": 0.0, "train/step": 10000, "train/episode": 99, "train/total_time": 964.4760990142822, "train/reward_loss": 6.796734809875488, "train/value_loss": 0.03629448637366295, "train/consistency_loss": 0.0, "train/loss": 6.833029270172119, "_wandb": {"runtime": 982}}