{"eval/episode_reward": 0.7947176694869995, "eval/episode_success": 0.0, "eval/step": 0, "eval/episode": 0, "eval/total_time": 5.222487688064575, "_timestamp": 1745003692.242377, "_runtime": 7.923346042633057, "_step": 2500, "train/episode_reward": 4.958081245422363, "train/episode_success": 0.0, "train/step": 2500, "train/episode": 4, "train/total_time": 5.509223937988281, "_wandb": {"runtime": 14}}