step,episode_reward
0.0,5.042229175567627
20000.0,8.836172103881836
40000.0,14.142733573913574
60000.0,18.9929256439209
