{"eval/episode_reward": 0.8095062375068665, "eval/episode_success": 0.0, "eval/step": 0, "eval/episode": 0, "eval/total_time": 10.762113571166992, "_timestamp": 1745156260.257822, "_runtime": 13.956897020339966, "_step": 2500, "train/episode_reward": 5.305609226226807, "train/episode_success": 0.0, "train/step": 2500, "train/episode": 4, "train/total_time": 11.042775392532349, "_wandb": {"runtime": 13}}