{"eval/episode_reward": 81.66395568847656, "eval/episode_success": 0.0, "eval/step": 0, "eval/episode": 0, "eval/total_time": 30.290665864944458, "_timestamp": 1745678926.8653214, "_runtime": 2449.9593002796173, "_step": 3600, "train/episode_reward": 235.02127075195312, "train/episode_success": 0.0, "train/step": 3600, "train/episode": 35, "train/total_time": 2446.8319008350372, "train/policy_loss": 11.719297409057617, "train/reward_loss": 1.8588852882385254, "train/value_loss": 0.6975509524345398, "train/consistency_loss": 0.006310317665338516, "train/total_loss": 0.38302189111709595, "_wandb": {"runtime": 2501}}