{"eval/episode_reward": 295.7561950683594, "eval/episode_success": 0.0, "eval/step": 0, "eval/episode": 0, "eval/total_time": 21.441654443740845, "_timestamp": 1745854292.1869328, "_runtime": 26.176316738128662, "_step": 1000, "train/episode_reward": 361.0516662597656, "train/episode_success": 0.0, "train/step": 1000, "train/episode": 9, "train/total_time": 21.840421438217163, "_wandb": {"runtime": 22}}