{"eval/episode_reward": 1797.4573974609375, "eval/episode_success": 0.4, "eval/step": 20000, "eval/episode": 199, "eval/total_time": 1512.9460401535034, "_timestamp": 1747035842.985768, "_runtime": 1954.4837579727173, "_step": 25900, "train/episode_reward": 1827.0118408203125, "train/episode_success": 1.0, "train/step": 25900, "train/episode": 258, "train/total_time": 1951.3631565570831, "train/reward_loss": 0.5306625962257385, "train/value_loss": 0.5791129469871521, "train/consistency_loss": 5.66298012927291e-07, "train/total_loss": 0.11098888516426086, "train/grad_norm": 8.457175254821777, "train/pi_loss": -0.10456757247447968, "train/pi_grad_norm": 0.5907948613166809, "train/pi_entropy": -24.378292083740234, "train/pi_scaled_entropy": 20.302778244018555, "train/pi_q": 0.17647796869277954, "train/pi_scale": 1.0, "_wandb": {"runtime": 1956}}