{"eval/episode_reward": 295.7561950683594, "eval/episode_success": 0.0, "eval/step": 0, "eval/episode": 0, "eval/total_time": 21.54319405555725, "_timestamp": 1745854668.3041964, "_runtime": 26.047364473342896, "_step": 1000, "train/episode_reward": 361.0516662597656, "train/episode_success": 0.0, "train/step": 1000, "train/episode": 9, "train/total_time": 21.93702459335327, "_wandb": {"runtime": 23}}