{"eval/episode_reward": 0.8095062375068665, "eval/episode_success": 0.0, "eval/step": 0, "eval/episode": 0, "eval/total_time": 9.373775720596313, "_timestamp": 1745130640.154236, "_runtime": 12.115223169326782, "_step": 2500, "train/episode_reward": 3.9814555644989014, "train/episode_success": 0.0, "train/step": 2500, "train/episode": 4, "train/total_time": 9.647286415100098, "_wandb": {"runtime": 12}}