{"eval/episode_reward": 0.8095062375068665, "eval/episode_success": 0.0, "eval/step": 0, "eval/episode": 0, "eval/total_time": 9.379399061203003, "_timestamp": 1745129156.3805227, "_runtime": 12.342358827590942, "_step": 2500, "train/episode_reward": 5.366938591003418, "train/episode_success": 0.0, "train/step": 2500, "train/episode": 4, "train/total_time": 9.653225898742676, "_wandb": {"runtime": 11}}