{"eval/episode_reward": 82.11575317382812, "eval/episode_success": 0.0, "eval/step": 0, "eval/episode": 0, "eval/total_time": 18.852755546569824, "_timestamp": 1745650608.8825867, "_runtime": 1040.4637427330017, "_step": 2500, "train/episode_reward": 199.80567932128906, "train/episode_success": 0.0, "train/step": 2500, "train/episode": 24, "train/total_time": 991.1186528205872, "train/policy_loss": 4.176555633544922, "train/reward_loss": 1.697932243347168, "train/value_loss": 15.515579223632812, "train/consistency_loss": 1.0843159259366075e-08, "train/total_loss": 1.721769094467163, "_wandb": {"runtime": 1031}}