{"eval/episode_reward": 157.63502502441406, "eval/episode_success": 0.0, "eval/step": 0, "eval/episode": 0, "eval/total_time": 49.43178606033325, "_timestamp": 1746879749.973854, "_runtime": 53.39566898345947, "_step": 1000, "train/episode_reward": 361.0516662597656, "train/episode_success": 0.0, "train/step": 1000, "train/episode": 9, "train/total_time": 49.82070779800415, "_wandb": {"runtime": 50}}