{"eval/episode_reward": 170.63516235351562, "eval/episode_success": 0.0, "eval/step": 0, "eval/episode": 0, "eval/total_time": 44.67019605636597, "_timestamp": 1747025229.3523571, "_runtime": 336.2259192466736, "_step": 2500, "train/episode_reward": 160.1959686279297, "train/episode_success": 0.0, "train/step": 2500, "train/episode": 24, "train/total_time": 332.9522473812103, "train/reward_loss": 0.7354687452316284, "train/value_loss": 0.7663392424583435, "train/consistency_loss": 3.6455307963478845e-06, "train/total_loss": 0.15021724998950958, "train/grad_norm": 9.933460235595703, "train/pi_loss": -0.7786012291908264, "train/pi_grad_norm": 0.09499246627092361, "train/pi_entropy": -19.636383056640625, "train/pi_scaled_entropy": -20.298864364624023, "train/pi_q": 2.736586332321167, "train/pi_scale": 0.0730694830417633, "_wandb": {"runtime": 345}}