{"eval/episode_reward": 180.7053680419922, "eval/episode_success": 0.0, "eval/step": 0, "eval/episode": 0, "eval/total_time": 41.03901743888855, "_timestamp": 1745720530.050683, "_runtime": 1101.681674003601, "_step": 5000, "train/episode_reward": 205.4069366455078, "train/episode_success": 0.0, "train/step": 5000, "train/episode": 49, "train/total_time": 1098.5157587528229, "train/policy_loss": 15.058509826660156, "train/reward_loss": 0.6316605806350708, "train/value_loss": 0.34727323055267334, "train/consistency_loss": 0.017075739800930023, "train/total_loss": 0.2701566219329834, "_wandb": {"runtime": 1115}}