{"eval/episode_reward": 133.75218200683594, "eval/episode_success": 0.4, "eval/step": 0, "eval/episode": 0, "eval/total_time": 25.906566858291626, "_timestamp": 1745460790.9712977, "_runtime": 29.56757164001465, "_step": 1000, "train/episode_reward": 163.25149536132812, "train/episode_success": 0.0, "train/step": 1000, "train/episode": 9, "train/total_time": 26.489171028137207, "_wandb": {"runtime": 31}}