{"eval/episode_reward": 277.5655212402344, "eval/episode_success": 0.0, "eval/step": 0, "eval/episode": 0, "eval/total_time": 16.61479139328003, "_timestamp": 1747143970.5495174, "_runtime": 20.286683320999146, "_step": 1000, "train/episode_reward": 294.177978515625, "train/episode_success": 0.0, "train/step": 1000, "train/episode": 9, "train/total_time": 17.011236906051636, "_wandb": {"runtime": 18}}