{"eval/episode_reward": 125.42936706542969, "eval/episode_success": 0.0, "eval/step": 0, "eval/episode": 0, "eval/total_time": 48.161292552948, "_timestamp": 1746809264.5228665, "_runtime": 1084.8663384914398, "_step": 7600, "train/episode_reward": 366.41766357421875, "train/episode_success": 0.0, "train/step": 7600, "train/episode": 75, "train/total_time": 1079.1683683395386, "train/reward_loss": 0.35773757100105286, "train/value_loss": 1.14655339717865, "train/consistency_loss": 4.018652907689102e-05, "train/model_loss": 0.1508309692144394, "train/pi_loss": -0.06818777322769165, "train/pi_entropy": 2.7413206100463867, "train/pi_scaled_entropy": 10.965282440185547, "train/pi_q": 0.22359246015548706, "train/pi_scale": 29.25908851623535, "_wandb": {"runtime": 1090}}