{"eval/episode_reward": 125.42936706542969, "eval/episode_success": 0.0, "eval/step": 0, "eval/episode": 0, "eval/total_time": 47.177292346954346, "_timestamp": 1746812432.5213478, "_runtime": 55.486167669296265, "_step": 1000, "train/episode_reward": 361.0516662597656, "train/episode_success": 0.0, "train/step": 1000, "train/episode": 9, "train/total_time": 47.56599712371826, "_wandb": {"runtime": 48}}