{"eval/episode_reward": 0.8095062375068665, "eval/episode_success": 0.0, "eval/step": 0, "eval/episode": 0, "eval/total_time": 10.795771360397339, "_timestamp": 1745130792.944246, "_runtime": 13.795231103897095, "_step": 2500, "train/episode_reward": 10.095108985900879, "train/episode_success": 0.0, "train/step": 2500, "train/episode": 4, "train/total_time": 11.070605039596558, "_wandb": {"runtime": 13}}