{"eval/episode_reward": 328.58294677734375, "eval/episode_success": 0.0, "eval/step": 0, "eval/episode": 0, "eval/total_time": 46.34365463256836, "_timestamp": 1746792588.0977707, "_runtime": 806.8932926654816, "_step": 6000, "train/episode_reward": 851.322021484375, "train/episode_success": 0.0, "train/step": 6000, "train/episode": 59, "train/total_time": 802.4895088672638, "train/reward_loss": 0.7336129546165466, "train/value_loss": 0.07521627843379974, "train/consistency_loss": 1.4748586181667633e-05, "train/model_loss": 0.08103041350841522, "train/pi_loss": 0.10174211859703064, "train/pi_q": -0.36041682958602905, "train/pi_entropy": 10.91085433959961, "_wandb": {"runtime": 805}}