{"eval/episode_reward": 0.7947176694869995, "eval/episode_success": 0.0, "eval/step": 0, "eval/episode": 0, "eval/total_time": 5.392385721206665, "_timestamp": 1745004192.7194624, "_runtime": 7.882561445236206, "_step": 2500, "train/episode_reward": 7.887153148651123, "train/episode_success": 0.0, "train/step": 2500, "train/episode": 4, "train/total_time": 5.682275056838989, "_wandb": {"runtime": 14}}