{"eval/episode_reward": 295.7561950683594, "eval/episode_success": 0.0, "eval/step": 0, "eval/episode": 0, "eval/total_time": 21.349517345428467, "_timestamp": 1745854438.7161236, "_runtime": 25.165226697921753, "_step": 1000, "train/episode_reward": 361.0516662597656, "train/episode_success": 0.0, "train/step": 1000, "train/episode": 9, "train/total_time": 21.742650985717773, "_wandb": {"runtime": 22}}