{"eval/episode_reward": 0.8095062375068665, "eval/episode_success": 0.0, "eval/step": 0, "eval/episode": 0, "eval/total_time": 9.296867847442627, "_timestamp": 1745156793.6426241, "_runtime": 12.501272201538086, "_step": 2500, "train/episode_reward": 6.334342956542969, "train/episode_success": 0.0, "train/step": 2500, "train/episode": 4, "train/total_time": 9.575979709625244, "_wandb": {"runtime": 11}}