{"eval/episode_reward": 143.7968292236328, "eval/episode_success": 0.3, "eval/step": 0, "eval/episode": 0, "eval/total_time": 24.31067681312561, "_timestamp": 1745474867.2288454, "_runtime": 28.220418453216553, "_step": 1000, "train/episode_reward": 163.25149536132812, "train/episode_success": 0.0, "train/step": 1000, "train/episode": 9, "train/total_time": 24.896801710128784, "_wandb": {"runtime": 28}}