{"eval/episode_reward": 115.15782165527344, "eval/episode_success": 0.0, "eval/step": 0, "eval/episode": 0, "eval/total_time": 42.591891288757324, "_timestamp": 1746845225.7421162, "_runtime": 46.39004826545715, "_step": 1000, "train/episode_reward": 361.0516662597656, "train/episode_success": 0.0, "train/step": 1000, "train/episode": 9, "train/total_time": 42.98111391067505, "_wandb": {"runtime": 44}}