{"eval/episode_reward": 143.7968292236328, "eval/episode_success": 0.3, "eval/step": 0, "eval/episode": 0, "eval/total_time": 23.28659462928772, "_timestamp": 1745466165.1093278, "_runtime": 27.884264707565308, "_step": 1000, "train/episode_reward": 163.25149536132812, "train/episode_success": 0.0, "train/step": 1000, "train/episode": 9, "train/total_time": 23.865644931793213, "_wandb": {"runtime": 25}}