{"eval/episode_reward": 125.6579818725586, "eval/episode_success": 0.0, "eval/step": 0, "eval/episode": 0, "eval/total_time": 46.228394746780396, "_timestamp": 1746803158.798954, "_runtime": 53.224966049194336, "_step": 1000, "train/episode_reward": 361.0516662597656, "train/episode_success": 0.0, "train/step": 1000, "train/episode": 9, "train/total_time": 46.618385553359985, "_wandb": {"runtime": 47}}