{"eval/episode_reward": 579.7183837890625, "eval/episode_success": 0.0, "eval/episode_length": 500.0, "eval/step": 1600000, "eval/episode": 3199, "eval/elapsed_time": 83956.55923628807, "eval/steps_per_second": 19.057474657780414, "_timestamp": 1747382979.829995, "_runtime": 86433.02928900719, "_step": 1649000, "train/episode_reward": 595.9525146484375, "train/episode_success": 0.0, "train/episode_length": 501, "train/episode_terminated": 0.0, "train/step": 1649000, "train/episode": 3297, "train/elapsed_time": 86429.87392020226, "train/steps_per_second": 19.079051318788977, "train/consistency_loss": 4.355829150881618e-05, "train/reward_loss": 0.27279746532440186, "train/value_loss": 0.287034273147583, "train/termination_loss": 0.0, "train/total_loss": 0.05685434117913246, "train/grad_norm": 0.05402332544326782, "train/pi_loss": -4.1678948402404785, "train/pi_grad_norm": 0.010445917025208473, "train/pi_entropy": -374.1456298828125, "train/pi_scaled_entropy": 4928.53955078125, "train/pi_scale": 13.611928939819336}