{"_wandb": {"runtime": 414}, "videos/eval_video": {"_type": "video-file", "sha256": "ce7774078ea324248fc1b851fb0f2bc5dd55e554c06e312645df433cd2f49073", "size": 864008, "path": "media/videos/videos/eval_video_0_ce7774078ea324248fc1.mp4", "width": 384, "height": 384}, "_timestamp": 1745389957.0904212, "_runtime": 212.05111122131348, "_step": 0}