{"eval/episode_reward": 0.8095062375068665, "eval/episode_success": 0.0, "eval/step": 0, "eval/episode": 0, "eval/total_time": 9.376548290252686, "_timestamp": 1745155419.7012157, "_runtime": 14.353586673736572, "_step": 2500, "train/episode_reward": 5.926972389221191, "train/episode_success": 0.0, "train/step": 2500, "train/episode": 4, "train/total_time": 9.652343273162842, "_wandb": {"runtime": 11}}