{"eval/episode_reward": 279.42144775390625, "eval/episode_success": 0.0, "eval/step": 0, "eval/episode": 0, "eval/total_time": 18.049766540527344, "_timestamp": 1747042382.1671894, "_runtime": 362.143616437912, "_step": 4500, "train/episode_reward": 847.3574829101562, "train/episode_success": 0.0, "train/step": 4500, "train/episode": 44, "train/total_time": 358.77518796920776, "train/reward_loss": 0.6590337157249451, "train/value_loss": 0.8158690333366394, "train/consistency_loss": 5.841309302923037e-07, "train/total_loss": 0.14750196039676666, "train/grad_norm": 5.904282093048096, "train/pi_loss": 0.0009490731172263622, "train/pi_grad_norm": 0.004983764141798019, "train/pi_entropy": -26.824241638183594, "train/pi_scaled_entropy": 4.891469478607178, "train/pi_scale": 1.0, "_wandb": {"runtime": 361}}