{"eval/episode_reward": 155.75840759277344, "eval/episode_success": 0.0, "eval/step": 0, "eval/episode": 0, "eval/total_time": 199.55264973640442, "_timestamp": 1745800827.5050838, "_runtime": 544.3146998882294, "_step": 1100, "train/episode_reward": 358.481689453125, "train/episode_success": 0.0, "train/step": 1100, "train/episode": 10, "train/total_time": 541.0559988021851, "_wandb": {"runtime": 567}, "train/policy_loss": 3.456735134124756, "train/reward_loss": 2.827425241470337, "train/value_loss": 0.14714248478412628, "train/consistency_loss": 0.01865018904209137, "train/total_loss": 0.4839586615562439}