{"eval/episode_reward": 328.60589599609375, "eval/episode_success": 0.0, "eval/step": 0, "eval/episode": 0, "eval/total_time": 48.31936025619507, "_timestamp": 1746798365.0284204, "_runtime": 52.70959734916687, "_step": 1000, "train/episode_reward": 361.0516662597656, "train/episode_success": 0.0, "train/step": 1000, "train/episode": 9, "train/total_time": 48.71127367019653, "_wandb": {"runtime": 50}}