{"eval/episode_reward": 5.320627689361572, "eval/episode_success": 0.0, "eval/step": 0, "eval/episode": 0, "eval/total_time": 90.58901047706604, "_timestamp": 1747189312.804946, "_runtime": 97.07013201713562, "_step": 2500, "train/episode_reward": 4.293970108032227, "train/episode_success": 0.0, "train/step": 2500, "train/episode": 4, "train/total_time": 93.87673544883728, "_wandb": {"runtime": 285}}