{"eval/episode_reward": 125.6579818725586, "eval/episode_success": 0.0, "eval/step": 0, "eval/episode": 0, "eval/total_time": 42.614237785339355, "_timestamp": 1746806632.9533315, "_runtime": 48.81390738487244, "_step": 1000, "train/episode_reward": 361.0516662597656, "train/episode_success": 0.0, "train/step": 1000, "train/episode": 9, "train/total_time": 43.00374221801758, "_wandb": {"runtime": 44}}