{"eval/episode_reward": 1798.739501953125, "eval/episode_success": 0.5, "eval/step": 20000, "eval/episode": 199, "eval/total_time": 1465.0299232006073, "_timestamp": 1747063075.878616, "_runtime": 2656.342507123947, "_step": 36200, "train/episode_reward": 1834.4508056640625, "train/episode_success": 1.0, "train/step": 36200, "train/episode": 361, "train/total_time": 2652.7806000709534, "train/reward_loss": 0.5645257830619812, "train/value_loss": 0.5233775973320007, "train/consistency_loss": 1.507443840864653e-07, "train/total_loss": 0.10879335552453995, "train/grad_norm": 12.851019859313965, "train/pi_loss": -147.44467163085938, "train/pi_grad_norm": 3.7568980815194664e-08, "train/pi_entropy": -22.443349838256836, "train/pi_scaled_entropy": 54.938575744628906, "train/pi_scale": 17.813522338867188, "_wandb": {"runtime": 2659}}