{"eval/episode_reward": 1707.6363525390625, "eval/episode_success": 0.3, "eval/step": 20000, "eval/episode": 199, "eval/total_time": 17121.855189561844, "_timestamp": 1747122151.9359848, "_runtime": 18988.356346845627, "_step": 22200, "train/episode_reward": 1712.176025390625, "train/episode_success": 0.0, "train/step": 22200, "train/episode": 221, "train/total_time": 18984.92093396187, "train/reward_loss": 0.6298412680625916, "train/value_loss": 0.6295998692512512, "train/consistency_loss": 6.806509134094085e-08, "train/total_loss": 0.12594547867774963, "train/grad_norm": 17.35910415649414, "train/pi_loss": -65.32328796386719, "train/pi_grad_norm": 1.608403437103334e-07, "train/pi_entropy": -21.72281837463379, "train/pi_scaled_entropy": 54.7093620300293, "train/pi_scale": 18.17009735107422, "_wandb": {"runtime": 19052}}