{"eval/episode_reward": 133.75218200683594, "eval/episode_success": 0.4, "eval/step": 0, "eval/episode": 0, "eval/total_time": 25.833926677703857, "_timestamp": 1745460368.5286105, "_runtime": 29.5163414478302, "_step": 1000, "train/episode_reward": 163.25149536132812, "train/episode_success": 0.0, "train/step": 1000, "train/episode": 9, "train/total_time": 26.412707805633545, "_wandb": {"runtime": 27}}