{"eval/episode_reward": 81.66395568847656, "eval/episode_success": 0.0, "eval/step": 0, "eval/episode": 0, "eval/total_time": 33.79586052894592, "_timestamp": 1745678867.5495248, "_runtime": 1671.521948814392, "_step": 3000, "train/episode_reward": 265.88824462890625, "train/episode_success": 0.0, "train/step": 3000, "train/episode": 29, "train/total_time": 1667.2971215248108, "train/policy_loss": 11.720229148864746, "train/reward_loss": 1.7894484996795654, "train/value_loss": 0.22038468718528748, "train/consistency_loss": 0.006875131279230118, "train/total_loss": 0.3396579623222351, "_wandb": {"runtime": 1789}}