{"eval/episode_reward": 143.7968292236328, "eval/episode_success": 0.3, "eval/step": 0, "eval/episode": 0, "eval/total_time": 25.000319719314575, "_timestamp": 1745473143.9404929, "_runtime": 86.52897787094116, "_step": 1000, "train/episode_reward": 163.25149536132812, "train/episode_success": 0.0, "train/step": 1000, "train/episode": 9, "train/total_time": 25.59083843231201, "_wandb": {"runtime": 27}}