{"eval/episode_reward": 355.29522705078125, "eval/episode_success": 0.0, "eval/step": 0, "eval/episode": 0, "eval/total_time": 46.440863847732544, "_timestamp": 1746758196.635979, "_runtime": 50.044419050216675, "_step": 1000, "train/episode_reward": 361.0516662597656, "train/episode_success": 0.0, "train/step": 1000, "train/episode": 9, "train/total_time": 46.843395471572876, "_wandb": {"runtime": 48}}