{"videos/eval_video": {"_type": "video-file", "sha256": "6705213301af3d2f74e6374ce79004455a561bb9fe2488e205d8c1d1a5baa9a1", "size": 1042744, "path": "media/videos/videos/eval_video_19500_6705213301af3d2f74e6.mp4", "width": 384, "height": 384}, "_timestamp": 1745408085.6687474, "eval/episode_reward": 46.76044845581055, "eval/episode_success": 0.0, "eval/step": 15000, "eval/episode": 29, "eval/total_time": 17631.47587966919, "_runtime": 22478.334175348282, "_step": 20000, "train/episode_reward": 49.947086334228516, "train/episode_success": 0.0, "train/step": 19500, "train/episode": 38, "train/total_time": 21779.176246404648, "train/reward_loss": 0.00028439427842386067, "train/value_loss": 0.24802426993846893, "train/consistency_loss": 0.0002514977823011577, "train/loss": -0.3499160706996918, "_wandb": {"runtime": 23433}}