{"eval/episode_reward": 317.9283142089844, "eval/episode_success": 0.0, "eval/step": 0, "eval/episode": 0, "eval/total_time": 1.5178005695343018, "_timestamp": 1745305923.6037765, "_runtime": 1430.7214155197144, "_step": 10000, "train/episode_reward": 117.46458435058594, "train/episode_success": 0.0, "train/step": 10000, "train/episode": 99, "train/total_time": 1425.74263381958, "train/reward_loss": 26.061208724975586, "train/value_loss": 13.227194786071777, "train/consistency_loss": 1.2430148124694824, "train/loss": 34.29745101928711, "_wandb": {"runtime": 1441}}