{"eval/episode_reward": 143.7968292236328, "eval/episode_success": 0.3, "eval/step": 0, "eval/episode": 0, "eval/total_time": 23.47355628013611, "_timestamp": 1745466966.9291837, "_runtime": 28.21014165878296, "_step": 1000, "train/episode_reward": 163.25149536132812, "train/episode_success": 0.0, "train/step": 1000, "train/episode": 9, "train/total_time": 24.05468201637268, "_wandb": {"runtime": 25}}