{"eval/episode_reward": 0.8095062375068665, "eval/episode_success": 0.0, "eval/step": 0, "eval/episode": 0, "eval/total_time": 9.494778394699097, "_timestamp": 1745130433.275665, "_runtime": 12.512634038925171, "_step": 2500, "train/episode_reward": 5.3282999992370605, "train/episode_success": 0.0, "train/step": 2500, "train/episode": 4, "train/total_time": 9.771466255187988, "_wandb": {"runtime": 12}}