{"eval/episode_reward": 369.04986572265625, "eval/episode_success": 0.0, "eval/step": 0, "eval/episode": 0, "eval/total_time": 2.723140001296997, "_timestamp": 1745915056.0938122, "_runtime": 7.07384729385376, "_step": 1000, "train/episode_reward": 361.0516662597656, "train/episode_success": 0.0, "train/step": 1000, "train/episode": 9, "train/total_time": 3.12371826171875, "_wandb": {"runtime": 4}}