{"eval/episode_reward": 125.42936706542969, "eval/episode_success": 0.0, "eval/step": 0, "eval/episode": 0, "eval/total_time": 48.385289669036865, "_timestamp": 1746810994.4443688, "_runtime": 1699.533460855484, "_step": 11700, "train/episode_reward": 289.3552551269531, "train/episode_success": 0.0, "train/step": 11700, "train/episode": 116, "train/total_time": 1694.9195654392242, "train/reward_loss": 1.0997049808502197, "train/value_loss": 7.61468505859375, "train/consistency_loss": 4.720493507193169e-06, "train/model_loss": 0.871486246585846, "train/pi_loss": 0.40291208028793335, "train/pi_entropy": 2.730940818786621, "train/pi_scaled_entropy": 10.923763275146484, "train/pi_q": -1.4278788566589355, "train/pi_scale": 675.2501831054688, "_wandb": {"runtime": 1697}}