{"eval/episode_reward": 170.63516235351562, "eval/episode_success": 0.0, "eval/step": 0, "eval/episode": 0, "eval/total_time": 41.884521484375, "_timestamp": 1747019390.4867733, "_runtime": 495.5990662574768, "_step": 3600, "train/episode_reward": 484.94378662109375, "train/episode_success": 0.0, "train/step": 3600, "train/episode": 35, "train/total_time": 492.02266216278076, "train/reward_loss": 0.7376160025596619, "train/value_loss": 0.7796877026557922, "train/consistency_loss": 1.9162310138653993e-07, "train/total_loss": 0.15173229575157166, "train/grad_norm": 8.759571075439453, "train/pi_loss": -0.15211600065231323, "train/pi_grad_norm": 0.010811359621584415, "train/pi_entropy": -42.5705451965332, "train/pi_scaled_entropy": 46.991329193115234, "train/pi_q": 0.5324224829673767, "train/pi_scale": 1.0, "_wandb": {"runtime": 503}}