{"eval/episode_reward": 170.63516235351562, "eval/episode_success": 0.0, "eval/step": 0, "eval/episode": 0, "eval/total_time": 41.61606788635254, "_timestamp": 1747020094.7585547, "_runtime": 45.898648738861084, "_step": 1000, "train/episode_reward": 361.0516662597656, "train/episode_success": 0.0, "train/step": 1000, "train/episode": 9, "train/total_time": 42.004422187805176, "_wandb": {"runtime": 43}}