{"eval/episode_reward": 155.62936401367188, "eval/episode_success": 0.0, "eval/step": 0, "eval/episode": 0, "eval/total_time": 114.51591229438782, "_timestamp": 1745843298.324773, "_runtime": 912.8730750083923, "_step": 3400, "train/episode_reward": 782.9292602539062, "train/episode_success": 0.0, "train/step": 3400, "train/episode": 33, "train/total_time": 908.3354260921478, "train/policy_loss": 3.9661624431610107, "train/reward_loss": 1.1804603338241577, "train/value_loss": 0.011177410371601582, "train/consistency_loss": 0.014884944073855877, "train/total_loss": 0.26801323890686035, "_wandb": {"runtime": 943}}