{"eval/episode_reward": 170.63516235351562, "eval/episode_success": 0.0, "eval/step": 0, "eval/episode": 0, "eval/total_time": 42.23265981674194, "_timestamp": 1747018871.122189, "_runtime": 1003.1634111404419, "_step": 7400, "train/episode_reward": 1813.765869140625, "train/episode_success": 0.0, "train/step": 7400, "train/episode": 73, "train/total_time": 1000.127191066742, "train/reward_loss": 0.8201044797897339, "train/value_loss": 0.7324803471565247, "train/consistency_loss": 1.0494188984466746e-07, "train/total_loss": 0.15525951981544495, "train/grad_norm": 28.109716415405273, "train/pi_loss": -0.15000887215137482, "train/pi_grad_norm": 7.414334686473012e-05, "train/pi_entropy": -41.558189392089844, "train/pi_scaled_entropy": 54.648719787597656, "train/pi_q": 0.5227993726730347, "train/pi_scale": 1.0, "_wandb": {"runtime": 1005}}