{"eval/episode_reward": 115.16621398925781, "eval/episode_success": 0.0, "eval/step": 0, "eval/episode": 0, "eval/total_time": 43.16147065162659, "_timestamp": 1746879283.8896902, "_runtime": 2205.1374802589417, "_step": 17200, "train/episode_reward": 714.7951049804688, "train/episode_success": 0.0, "train/step": 17200, "train/episode": 171, "train/total_time": 2200.925062417984, "train/reward_loss": 0.6246029138565063, "train/value_loss": 0.7174481749534607, "train/consistency_loss": 8.667761903780047e-07, "train/model_loss": 0.13421379029750824, "train/pi_loss": -0.16551509499549866, "train/pi_entropy": 2.736483097076416, "train/pi_scaled_entropy": 10.945932388305664, "train/pi_q": 0.5857993364334106, "train/pi_scale": 344.87786865234375, "_wandb": {"runtime": 2214}}