{"eval/episode_reward": 0.7947176694869995, "eval/episode_success": 0.0, "eval/step": 0, "eval/episode": 0, "eval/total_time": 5.325377941131592, "_timestamp": 1745004869.5744517, "_runtime": 7.92296576499939, "_step": 2500, "train/episode_reward": 5.967315673828125, "train/episode_success": 0.0, "train/step": 2500, "train/episode": 4, "train/total_time": 5.617241144180298, "_wandb": {"runtime": 15}}