{"eval/episode_reward": 277.5655212402344, "eval/episode_success": 0.0, "eval/step": 0, "eval/episode": 0, "eval/total_time": 16.873919248580933, "_timestamp": 1747064047.2377276, "_runtime": 22.02159857749939, "_step": 1000, "train/episode_reward": 294.177978515625, "train/episode_success": 0.0, "train/step": 1000, "train/episode": 9, "train/total_time": 17.263428926467896, "_wandb": {"runtime": 18}}