{"eval/episode_reward": 0.7665198445320129, "eval/episode_success": 0.0, "eval/step": 0, "eval/episode": 0, "eval/total_time": 7.6728434562683105, "_timestamp": 1745102495.0915806, "_runtime": 10.800262689590454, "_step": 2500, "train/episode_reward": 3.8231093883514404, "train/episode_success": 0.0, "train/step": 2500, "train/episode": 4, "train/total_time": 7.965473651885986, "_wandb": {"runtime": 2825}}