{"eval/episode_reward": 354.4132385253906, "eval/episode_success": 0.0, "eval/step": 0, "eval/episode": 0, "eval/total_time": 33.1938419342041, "_timestamp": 1746711889.5148447, "_runtime": 37.32926368713379, "_step": 1000, "train/episode_reward": 361.0516662597656, "train/episode_success": 0.0, "train/step": 1000, "train/episode": 9, "train/total_time": 33.592936992645264, "_wandb": {"runtime": 34}}