{"eval/episode_reward": 3.4758803844451904, "eval/episode_success": 0.0, "eval/step": 0, "eval/episode": 0, "eval/total_time": 562.8196880817413, "_timestamp": 1745810367.813015, "_runtime": 2256.115518093109, "_step": 3000, "train/episode_reward": 5.367922306060791, "train/episode_success": 0.0, "train/step": 3000, "train/episode": 5, "train/total_time": 2252.813551425934, "_wandb": {"runtime": 2617}, "train/policy_loss": 5.205438613891602, "train/reward_loss": 1.1082646267368546e-07, "train/value_loss": 0.003316409420222044, "train/consistency_loss": 1.4902778275427409e-05, "train/total_loss": 0.00048067979514598846}