{"eval/episode_reward": 0.8095062375068665, "eval/episode_success": 0.0, "eval/step": 0, "eval/episode": 0, "eval/total_time": 9.383834600448608, "_timestamp": 1745131966.5929582, "_runtime": 12.98602032661438, "_step": 2500, "train/episode_reward": 11.717071533203125, "train/episode_success": 0.0, "train/step": 2500, "train/episode": 4, "train/total_time": 9.662135362625122, "_wandb": {"runtime": 11}}