{"videos/eval_video": {"_type": "video-file", "sha256": "b3dc157b19c76394048161b622381ea81b15753dc3a0e477ab0b9761e7497c40", "size": 1043530, "path": "media/videos/videos/eval_video_39500_b3dc157b19c763940481.mp4", "width": 384, "height": 384}, "_timestamp": 1747231391.396155, "eval/episode_reward": 5.04169225692749, "eval/episode_success": 0.0, "eval/step": 40000, "eval/episode": 79, "eval/total_time": 6273.14595746994, "_runtime": 8099.375727176666, "_step": 53500, "train/episode_reward": 4.134027004241943, "train/episode_success": 0.0, "train/step": 53500, "train/episode": 106, "train/total_time": 8095.744966506958, "train/consistency_loss": 0.0049432325176894665, "train/reward_loss": 0.0802009105682373, "train/value_loss": 0.4394623935222626, "train/total_loss": 0.12885786592960358, "train/grad_norm": 1.0124365091323853, "train/pi_loss": -0.8020391464233398, "train/pi_grad_norm": 0.04313793405890465, "train/pi_entropy": -387.185791015625, "train/pi_scaled_entropy": 4931.47265625, "train/pi_scale": 1.0000059604644775, "_wandb": {"runtime": 8147}}