{"eval/episode_reward": 272.00714111328125, "eval/episode_success": 0.0, "eval/step": 0, "eval/episode": 0, "eval/total_time": 2.3452467918395996, "_timestamp": 1745291215.4136198, "_runtime": 9.375772714614868, "_step": 1000, "train/episode_reward": 361.0516662597656, "train/episode_success": 0.0, "train/step": 1000, "train/episode": 9, "train/total_time": 2.7477152347564697, "_wandb": {"runtime": 4}}