{"eval/episode_reward": 402.4061279296875, "eval/episode_success": 0.0, "eval/step": 0, "eval/episode": 0, "eval/total_time": 46.34004020690918, "_timestamp": 1746758113.952446, "_runtime": 1702.1497418880463, "_step": 12400, "train/episode_reward": 445.9286804199219, "train/episode_success": 0.0, "train/step": 12400, "train/episode": 123, "train/total_time": 1698.8865644931793, "train/reward_loss": 0.2937256991863251, "train/value_loss": 0.01750454306602478, "train/consistency_loss": 3.6827061649091775e-06, "train/model_loss": 0.03115985170006752, "train/pi_loss": -2.79388689994812, "train/entropy_coef": 0.001, "train/entropy": -14.324646949768066, "train/adv_std": 0.6919134855270386, "_wandb": {"runtime": 1713}}