{"eval/episode_reward": 0.7665198445320129, "eval/episode_success": 0.0, "eval/step": 0, "eval/episode": 0, "eval/total_time": 7.683272361755371, "_timestamp": 1745107381.9805598, "_runtime": 11.231409788131714, "_step": 2500, "train/episode_reward": 6.034034729003906, "train/episode_success": 0.0, "train/step": 2500, "train/episode": 4, "train/total_time": 7.968055009841919, "_wandb": {"runtime": 16}}