{"eval/episode_reward": 277.5655212402344, "eval/episode_success": 0.0, "eval/step": 0, "eval/episode": 0, "eval/total_time": 16.787710189819336, "_timestamp": 1747145356.8717055, "_runtime": 1170.82657456398, "_step": 15300, "train/episode_reward": 1736.8355712890625, "train/episode_success": 1.0, "train/step": 15300, "train/episode": 152, "train/total_time": 1166.762387752533, "train/reward_loss": 0.5729254484176636, "train/value_loss": 0.7544728517532349, "train/consistency_loss": 1.5433059274982952e-07, "train/total_loss": 0.13274291157722473, "train/grad_norm": 20.309246063232422, "train/pi_loss": -0.1025780439376831, "train/pi_grad_norm": 1.4601556586057995e-06, "train/pi_entropy": -21.632545471191406, "train/pi_scaled_entropy": 54.24803161621094, "train/pi_scale": 1.0, "_wandb": {"runtime": 1171}}