{"eval/episode_reward": 115.15782165527344, "eval/episode_success": 0.0, "eval/step": 0, "eval/episode": 0, "eval/total_time": 42.28901743888855, "_timestamp": 1746845453.729144, "_runtime": 46.121164083480835, "_step": 1000, "train/episode_reward": 361.0516662597656, "train/episode_success": 0.0, "train/step": 1000, "train/episode": 9, "train/total_time": 42.67510724067688, "_wandb": {"runtime": 43}}