{"eval/episode_reward": 157.63502502441406, "eval/episode_success": 0.0, "eval/step": 0, "eval/episode": 0, "eval/total_time": 49.25362038612366, "_timestamp": 1746881093.3966038, "_runtime": 54.125242710113525, "_step": 1000, "train/episode_reward": 361.0516662597656, "train/episode_success": 0.0, "train/step": 1000, "train/episode": 9, "train/total_time": 49.643707275390625, "_wandb": {"runtime": 50}}