{"eval/episode_reward": 314.9434814453125, "eval/episode_success": 0.0, "eval/step": 0, "eval/episode": 0, "eval/total_time": 38.973564863204956, "_timestamp": 1746702782.86013, "_runtime": 1085.393259048462, "_step": 8200, "train/episode_reward": 566.5481567382812, "train/episode_success": 0.0, "train/step": 8200, "train/episode": 81, "train/total_time": 1081.1160192489624, "train/reward_loss": 0.5257413983345032, "train/value_loss": 0.05049509182572365, "train/consistency_loss": 0.01694473624229431, "train/model_loss": 0.22707101702690125, "train/pi_loss": -0.004031216725707054, "train/kl_loss": 1.1318555870332148e-08, "train/adv_mean": -0.4174410104751587, "train/adv_std": 0.11215933412313461, "_wandb": {"runtime": 1090}}