{"eval/episode_reward": 0.7665198445320129, "eval/episode_success": 0.0, "eval/step": 0, "eval/episode": 0, "eval/total_time": 7.685681104660034, "_timestamp": 1745105972.8939, "_runtime": 20.840435028076172, "_step": 2500, "train/episode_reward": 5.559825897216797, "train/episode_success": 0.0, "train/step": 2500, "train/episode": 4, "train/total_time": 7.978154182434082, "_wandb": {"runtime": 56}}