{"eval/episode_reward": 0.7665198445320129, "eval/episode_success": 0.0, "eval/step": 0, "eval/episode": 0, "eval/total_time": 7.726883172988892, "_timestamp": 1745107000.7783694, "_runtime": 18.091626405715942, "_step": 2500, "train/episode_reward": 4.230182647705078, "train/episode_success": 0.0, "train/step": 2500, "train/episode": 4, "train/total_time": 8.014147281646729, "_wandb": {"runtime": 16}}