{"eval/episode_reward": 574.2918701171875, "eval/episode_success": 0.0, "eval/step": 20000, "eval/episode": 199, "eval/total_time": 2515.193568468094, "_timestamp": 1745935408.2145817, "_runtime": 4946.30401968956, "_step": 39400, "train/episode_reward": 973.3435668945312, "train/episode_success": 0.0, "train/step": 39400, "train/episode": 393, "train/total_time": 4942.31297826767, "train/reward_loss": 0.42687860131263733, "train/value_loss": 0.02273244597017765, "train/consistency_loss": 0.00012612392310984433, "train/model_loss": 0.04622234031558037, "train/pi_loss": -0.041984982788562775, "_wandb": {"runtime": 4947}}