{"eval/episode_reward": 272.00714111328125, "eval/episode_success": 0.0, "eval/step": 0, "eval/episode": 0, "eval/total_time": 2.8930344581604004, "_timestamp": 1745292884.4485667, "_runtime": 1278.1113557815552, "_step": 7900, "train/episode_reward": 85.0329818725586, "train/episode_success": 0.0, "train/step": 7900, "train/episode": 78, "train/total_time": 1262.847106218338, "train/reward_loss": 3.6607441902160645, "train/value_loss": 0.9136253595352173, "train/consistency_loss": 0.0, "train/loss": 4.574369430541992, "_wandb": {"runtime": 1264}}