{"eval/episode_reward": 82.24983978271484, "eval/episode_success": 0.0, "eval/step": 0, "eval/episode": 0, "eval/total_time": 18.801102876663208, "_timestamp": 1745668984.7752612, "_runtime": 18299.02790427208, "_step": 9900, "train/episode_reward": 179.02935791015625, "train/episode_success": 0.0, "train/step": 9900, "train/episode": 98, "train/total_time": 18295.952778577805, "train/policy_loss": 4.2970685958862305, "train/reward_loss": 2.2462151050567627, "train/value_loss": 32.94403839111328, "train/consistency_loss": 0.005911995656788349, "train/total_loss": 3.637694835662842, "_wandb": {"runtime": 18421}}