{"eval/episode_reward": 0.7716997861862183, "eval/episode_success": 0.0, "eval/step": 0, "eval/episode": 0, "eval/total_time": 7.580148935317993, "_timestamp": 1745110219.934776, "_runtime": 10.619193077087402, "_step": 2500, "train/episode_reward": 7.21304988861084, "train/episode_success": 0.0, "train/step": 2500, "train/episode": 4, "train/total_time": 7.8658833503723145, "_wandb": {"runtime": 11}}