{"eval/episode_reward": 328.58294677734375, "eval/episode_success": 0.0, "eval/step": 0, "eval/episode": 0, "eval/total_time": 47.89675951004028, "_timestamp": 1746793540.9892974, "_runtime": 914.2474853992462, "_step": 6700, "train/episode_reward": 700.4595947265625, "train/episode_success": 0.0, "train/step": 6700, "train/episode": 66, "train/total_time": 910.534735918045, "train/reward_loss": 0.46857401728630066, "train/value_loss": 0.039822809398174286, "train/consistency_loss": 1.4348152944876347e-05, "train/model_loss": 0.050983164459466934, "train/pi_loss": 0.07935677468776703, "train/pi_q": -0.28218603134155273, "train/pi_entropy": 10.931636810302734, "_wandb": {"runtime": 918}}