{"eval/episode_reward": 143.7968292236328, "eval/episode_success": 0.3, "eval/step": 0, "eval/episode": 0, "eval/total_time": 24.62470269203186, "_timestamp": 1745469231.028703, "_runtime": 28.001487016677856, "_step": 1000, "train/episode_reward": 163.25149536132812, "train/episode_success": 0.0, "train/step": 1000, "train/episode": 9, "train/total_time": 25.203341007232666, "_wandb": {"runtime": 26}}