{"eval/episode_reward": 143.7968292236328, "eval/episode_success": 0.3, "eval/step": 0, "eval/episode": 0, "eval/total_time": 24.367430448532104, "_timestamp": 1745476755.86934, "_runtime": 29.157968044281006, "_step": 1000, "train/episode_reward": 163.25149536132812, "train/episode_success": 0.0, "train/step": 1000, "train/episode": 9, "train/total_time": 24.962913036346436, "_wandb": {"runtime": 26}}