step,episode_reward
0.0,71.38900756835938
20000.0,185.0569610595703
40000.0,170.77951049804688
60000.0,157.12664794921875
80000.0,191.54153442382812
100000.0,182.8915252685547
120000.0,175.58493041992188
140000.0,150.8648681640625
160000.0,185.4278106689453
