{"eval/episode_reward": 328.60589599609375, "eval/episode_success": 0.0, "eval/step": 0, "eval/episode": 0, "eval/total_time": 46.91342782974243, "_timestamp": 1746796272.0564282, "_runtime": 367.31486225128174, "_step": 2700, "train/episode_reward": 349.3991394042969, "train/episode_success": 0.0, "train/step": 2700, "train/episode": 26, "train/total_time": 364.1047103404999, "train/reward_loss": 0.29184818267822266, "train/value_loss": 0.009975500404834747, "train/consistency_loss": 5.363257150747813e-05, "train/model_loss": 0.030718695372343063, "train/pi_loss": -0.021075652912259102, "train/pi_entropy": 10.706144332885742, "train/pi_q": 0.0744793638586998, "_wandb": {"runtime": 365}}