{"eval/episode_reward": 314.9434814453125, "eval/episode_success": 0.0, "eval/step": 0, "eval/episode": 0, "eval/total_time": 39.97069597244263, "_timestamp": 1746696863.329075, "_runtime": 1660.594743013382, "_step": 12700, "train/episode_reward": 1252.393798828125, "train/episode_success": 0.0, "train/step": 12700, "train/episode": 126, "train/total_time": 1655.4430983066559, "train/reward_loss": 0.6301597952842712, "train/value_loss": 0.07786824554204941, "train/consistency_loss": 3.579511258067214e-06, "train/model_loss": 0.07083860039710999, "train/pi_loss": -0.013533778488636017, "train/adv_mean": -0.5462497472763062, "train/adv_std": 0.21049220860004425, "_wandb": {"runtime": 1664}}