{"eval/episode_reward": 133.75218200683594, "eval/episode_success": 0.4, "eval/step": 0, "eval/episode": 0, "eval/total_time": 25.860435962677002, "_timestamp": 1745461132.0983024, "_runtime": 104.57976531982422, "_step": 1000, "train/episode_reward": 163.25149536132812, "train/episode_success": 0.0, "train/step": 1000, "train/episode": 9, "train/total_time": 26.442602396011353, "_wandb": {"runtime": 39}}