{"eval/episode_reward": 329.9529724121094, "eval/episode_success": 0.0, "eval/step": 0, "eval/episode": 0, "eval/total_time": 45.56393051147461, "_timestamp": 1746779935.1999044, "_runtime": 49.36913347244263, "_step": 1000, "train/episode_reward": 361.0516662597656, "train/episode_success": 0.0, "train/step": 1000, "train/episode": 9, "train/total_time": 45.95760893821716, "_wandb": {"runtime": 47}}