{"videos/eval_video": {"_type": "video-file", "sha256": "495794bc6e9c3acf178ff7b83f86163c337f6221c09a9fd433dc8360835a971d", "size": 382666, "path": "media/videos/videos/eval_video_0_495794bc6e9c3acf178f.mp4", "width": 384, "height": 384}, "_timestamp": 1745394725.703292, "eval/episode_reward": 4.674831390380859, "eval/episode_success": 0.0, "eval/step": 0, "eval/episode": 0, "eval/total_time": 2031.9068472385406, "_runtime": 4539.5209608078, "_step": 4000, "train/episode_reward": 24.64588165283203, "train/episode_success": 0.0, "train/step": 4000, "train/episode": 7, "train/total_time": 4535.991182804108, "train/reward_loss": 2.2677071683574468e-05, "train/value_loss": 0.2474224865436554, "train/consistency_loss": 2.9379147235886194e-05, "train/loss": -0.27083081007003784, "_wandb": {"runtime": 4871}}