{"eval/episode_reward": 0.8095062375068665, "eval/episode_success": 0.0, "eval/step": 0, "eval/episode": 0, "eval/total_time": 9.490965604782104, "_timestamp": 1745159202.6351662, "_runtime": 12.954946279525757, "_step": 2500, "train/episode_reward": 7.966548442840576, "train/episode_success": 0.0, "train/step": 2500, "train/episode": 4, "train/total_time": 9.767242193222046, "_wandb": {"runtime": 12}}