{"eval/episode_reward": 125.6579818725586, "eval/episode_success": 0.0, "eval/step": 0, "eval/episode": 0, "eval/total_time": 46.51686406135559, "_timestamp": 1746802848.3309042, "_runtime": 52.31624722480774, "_step": 1000, "train/episode_reward": 361.0516662597656, "train/episode_success": 0.0, "train/step": 1000, "train/episode": 9, "train/total_time": 46.91362643241882, "_wandb": {"runtime": 48}}