{"eval/episode_reward": 277.5655212402344, "eval/episode_success": 0.0, "eval/step": 0, "eval/episode": 0, "eval/total_time": 16.82427668571472, "_timestamp": 1747063798.8937533, "_runtime": 24.075589179992676, "_step": 1000, "train/episode_reward": 294.177978515625, "train/episode_success": 0.0, "train/step": 1000, "train/episode": 9, "train/total_time": 17.211549282073975, "_wandb": {"runtime": 18}}