{"eval/episode_reward": 329.9529724121094, "eval/episode_success": 0.0, "eval/step": 0, "eval/episode": 0, "eval/total_time": 45.999948263168335, "_timestamp": 1746787916.2526207, "_runtime": 1844.6610796451569, "_step": 13900, "train/episode_reward": 847.493896484375, "train/episode_success": 0.0, "train/step": 13900, "train/episode": 138, "train/total_time": 1838.4694392681122, "train/reward_loss": 0.4852384924888611, "train/value_loss": 0.05364970117807388, "train/consistency_loss": 6.275434429880988e-07, "train/model_loss": 0.053895097225904465, "train/pi_loss": -0.011010834947228432, "train/pi_entropy": 13.673505783081055, "train/pi_q": 0.0377117283642292, "_wandb": {"runtime": 1845}}