{"eval/episode_reward": 0.8095062375068665, "eval/episode_success": 0.0, "eval/step": 0, "eval/episode": 0, "eval/total_time": 9.747768878936768, "_timestamp": 1745158769.0088053, "_runtime": 14.435365200042725, "_step": 2500, "train/episode_reward": 3.729322910308838, "train/episode_success": 0.0, "train/step": 2500, "train/episode": 4, "train/total_time": 10.028722286224365, "_wandb": {"runtime": 12}}