{"eval/episode_reward": 329.7388610839844, "eval/episode_success": 0.0, "eval/step": 0, "eval/episode": 0, "eval/total_time": 47.53508996963501, "_timestamp": 1746760579.7812445, "_runtime": 51.43890142440796, "_step": 1000, "train/episode_reward": 361.0516662597656, "train/episode_success": 0.0, "train/step": 1000, "train/episode": 9, "train/total_time": 47.9367778301239, "_wandb": {"runtime": 49}}