{"eval/episode_reward": 187.09432983398438, "eval/episode_success": 0.0, "eval/step": 60000, "eval/episode": 599, "eval/total_time": 51551.40674853325, "_timestamp": 1747122251.6673524, "_runtime": 56762.849103450775, "_step": 66200, "train/episode_reward": 208.15191650390625, "train/episode_success": 0.0, "train/step": 66200, "train/episode": 661, "train/total_time": 56755.935208797455, "train/reward_loss": 0.4914514422416687, "train/value_loss": 0.8307996988296509, "train/consistency_loss": 2.603832854219945e-06, "train/total_loss": 0.13227719068527222, "train/grad_norm": 0.9240013360977173, "train/pi_loss": -0.6915056109428406, "train/pi_grad_norm": 2.371836131942473e-07, "train/pi_entropy": -20.811933517456055, "train/pi_scaled_entropy": 54.82335662841797, "train/pi_scale": 1.4057397842407227, "_wandb": {"runtime": 56760}}