{"eval/episode_reward": 242.0946807861328, "eval/episode_success": 0.0, "eval/step": 0, "eval/episode": 0, "eval/total_time": 1.4047205448150635, "_timestamp": 1745287128.3194704, "_runtime": 5.054807424545288, "_step": 1000, "train/episode_reward": 361.0516662597656, "train/episode_success": 0.0, "train/step": 1000, "train/episode": 9, "train/total_time": 1.7855851650238037, "_wandb": {"runtime": 8}}