{"eval/episode_reward": 0.8095062375068665, "eval/episode_success": 0.0, "eval/step": 0, "eval/episode": 0, "eval/total_time": 9.80318284034729, "_timestamp": 1745154803.9675834, "_runtime": 13.008824348449707, "_step": 2500, "train/episode_reward": 2.0202226638793945, "train/episode_success": 0.0, "train/step": 2500, "train/episode": 4, "train/total_time": 10.081310987472534, "_wandb": {"runtime": 12}}