{"eval/episode_reward": 95.43993377685547, "eval/episode_success": 0.0, "eval/step": 0, "eval/episode": 0, "eval/total_time": 112.48687195777893, "_timestamp": 1745845486.4663641, "_runtime": 1929.231789112091, "_step": 4900, "train/episode_reward": 115.30671691894531, "train/episode_success": 0.0, "train/step": 4900, "train/episode": 48, "train/total_time": 1913.7134099006653, "train/policy_loss": 4.40206241607666, "train/reward_loss": 0.27701398730278015, "train/value_loss": 0.0024130442179739475, "train/consistency_loss": 1.9613862605183385e-05, "train/total_loss": 0.028138840571045876, "_wandb": {"runtime": 1926}}