{"eval/episode_reward": 291.0419616699219, "eval/episode_success": 0.0, "eval/step": 0, "eval/episode": 0, "eval/total_time": 17.83916425704956, "_timestamp": 1746674329.2410402, "_runtime": 22.140639305114746, "_step": 1000, "train/episode_reward": 361.0516662597656, "train/episode_success": 0.0, "train/step": 1000, "train/episode": 9, "train/total_time": 18.235612392425537, "_wandb": {"runtime": 19}}