{"eval/episode_reward": 143.7968292236328, "eval/episode_success": 0.3, "eval/step": 0, "eval/episode": 0, "eval/total_time": 24.207200527191162, "_timestamp": 1745476507.534308, "_runtime": 27.828989028930664, "_step": 1000, "train/episode_reward": 163.25149536132812, "train/episode_success": 0.0, "train/step": 1000, "train/episode": 9, "train/total_time": 24.794639825820923, "_wandb": {"runtime": 25}}