{"eval/episode_reward": 155.62936401367188, "eval/episode_success": 0.0, "eval/step": 0, "eval/episode": 0, "eval/total_time": 65.46109557151794, "_timestamp": 1745806702.202669, "_runtime": 69.72835087776184, "_step": 1000, "train/episode_reward": 361.0516662597656, "train/episode_success": 0.0, "train/step": 1000, "train/episode": 9, "train/total_time": 65.87173414230347, "_wandb": {"runtime": 67}}