{"videos/eval_video": {"_type": "video-file", "sha256": "881118c83e53b9943083c0b73c5ca9f03b6a8e5e6160eacd395ecba36e2a3ae2", "size": 310163, "path": "media/videos/videos/eval_video_14500_881118c83e53b9943083.mp4", "width": 384, "height": 384}, "_timestamp": 1745418292.578017, "eval/episode_reward": 2.522535800933838, "eval/episode_success": 0.0, "eval/step": 15000, "eval/episode": 29, "eval/total_time": 15172.947305440903, "_runtime": 19167.485171079636, "_step": 19000, "train/episode_reward": 2.993274450302124, "train/episode_success": 0.0, "train/step": 19000, "train/episode": 37, "train/total_time": 19137.45810341835, "train/reward_loss": 3.8621583371423185e-05, "train/value_loss": 0.2495364397764206, "train/consistency_loss": 7.81770813773619e-06, "train/loss": -0.2580299973487854}