{"eval/episode_reward": 329.7388610839844, "eval/episode_success": 0.0, "eval/step": 0, "eval/episode": 0, "eval/total_time": 46.37506031990051, "_timestamp": 1746762756.158352, "_runtime": 769.3780269622803, "_step": 5600, "train/episode_reward": 310.1093444824219, "train/episode_success": 0.0, "train/step": 5600, "train/episode": 55, "train/total_time": 766.1187970638275, "train/reward_loss": 0.5651561617851257, "train/value_loss": 0.07591096311807632, "train/consistency_loss": 1.2014858157272101e-06, "train/model_loss": 0.06411872804164886, "train/pi_loss": -145.95216369628906, "train/alpha": 5.381193161010742, "train/entropy": 13.675755500793457, "_wandb": {"runtime": 774}}