{"eval/episode_reward": 252.1383056640625, "eval/episode_success": 0.0, "eval/step": 220000, "eval/episode": 2199, "eval/total_time": 12470.11780667305, "_timestamp": 1745911486.7001896, "_runtime": 13604.71881556511, "_step": 239700, "train/episode_reward": 190.57154846191406, "train/episode_success": 0.0, "train/step": 239700, "train/episode": 2396, "train/total_time": 13600.999754190445, "train/policy_loss": 3.3009471893310547, "train/reward_loss": 0.1384308934211731, "train/value_loss": 0.0021690609864890575, "train/consistency_loss": 0.010188929736614227, "train/total_loss": 0.041746173053979874, "_wandb": {"runtime": 13605}}