{"eval/episode_reward": 264.8678894042969, "eval/episode_success": 0.0, "eval/step": 0, "eval/episode": 0, "eval/total_time": 16.448401927947998, "_timestamp": 1747031095.1139648, "_runtime": 257.888858795166, "_step": 3300, "train/episode_reward": 255.4408721923828, "train/episode_success": 0.0, "train/step": 3300, "train/episode": 32, "train/total_time": 253.6081817150116, "train/reward_loss": 0.6309219002723694, "train/value_loss": 0.0, "train/consistency_loss": 1.049500610861287e-07, "train/total_loss": 0.06309429556131363, "train/grad_norm": 9.319942474365234, "train/pi_loss": -0.1478043794631958, "train/pi_grad_norm": 1.1802537441253662, "train/pi_entropy": -12.133761405944824, "train/pi_scaled_entropy": -16.2782039642334, "train/pi_q": 0.2548640966415405, "train/pi_scale": 1.0, "_wandb": {"runtime": 256}}