{"eval/episode_reward": 369.04986572265625, "eval/episode_success": 0.0, "eval/step": 0, "eval/episode": 0, "eval/total_time": 2.681857109069824, "_timestamp": 1745897781.5744731, "_runtime": 591.8225340843201, "_step": 10100, "train/episode_reward": 250.1668701171875, "train/episode_success": 0.0, "train/step": 10100, "train/episode": 100, "train/total_time": 588.3462827205658, "train/policy_loss": 0.25790470838546753, "train/reward_loss": 0.10597163438796997, "train/value_loss": 0.0032526799477636814, "train/consistency_loss": 0.002490242011845112, "train/total_loss": 0.032116759568452835, "_wandb": {"runtime": 591}}