{"eval/episode_reward": 328.58294677734375, "eval/episode_success": 0.0, "eval/step": 0, "eval/episode": 0, "eval/total_time": 47.03353404998779, "_timestamp": 1746790742.7662091, "_runtime": 51.81355905532837, "_step": 1000, "train/episode_reward": 361.0516662597656, "train/episode_success": 0.0, "train/step": 1000, "train/episode": 9, "train/total_time": 47.43329191207886, "_wandb": {"runtime": 48}}