{"eval/episode_reward": 295.4504089355469, "eval/episode_success": 0.0, "eval/step": 0, "eval/episode": 0, "eval/total_time": 33.14435911178589, "_timestamp": 1746672103.9701872, "_runtime": 2414.2256071567535, "_step": 19400, "train/episode_reward": 1243.4132080078125, "train/episode_success": 0.0, "train/step": 19400, "train/episode": 193, "train/total_time": 2410.570887327194, "train/reward_loss": 0.565897524356842, "train/value_loss": 0.042515795677900314, "train/consistency_loss": 2.3596696507866e-07, "train/model_loss": 0.06084369122982025, "train/pi_loss": -0.0062468694522976875, "train/bc_loss": 0.0, "train/adv_mean": -0.8987927436828613, "train/adv_std": 0.3461989760398865, "_wandb": {"runtime": 2417}}