{"eval/episode_reward": 115.15782165527344, "eval/episode_success": 0.0, "eval/step": 0, "eval/episode": 0, "eval/total_time": 43.34136724472046, "_timestamp": 1746858005.0931919, "_runtime": 865.4972779750824, "_step": 6500, "train/episode_reward": 143.48321533203125, "train/episode_success": 0.0, "train/step": 6500, "train/episode": 64, "train/total_time": 860.5036897659302, "train/reward_loss": 0.6993842720985413, "train/value_loss": 0.6037550568580627, "train/consistency_loss": 6.417611189135641e-07, "train/model_loss": 0.13032035529613495, "train/pi_loss": 0.6433991193771362, "train/pi_entropy": 2.736098289489746, "train/pi_scaled_entropy": 10.944393157958984, "train/pi_q": -2.2843828201293945, "train/pi_scale": 0.005602148827165365, "_wandb": {"runtime": 874}}