{"eval/episode_reward": 53.842376708984375, "eval/episode_success": 0.0, "eval/step": 0, "eval/episode": 0, "eval/total_time": 35.97516131401062, "_timestamp": 1747223037.5283496, "_runtime": 1191.8184006214142, "_step": 8700, "train/episode_reward": 1672.6051025390625, "train/episode_success": 1.0, "train/step": 8700, "train/episode": 86, "train/total_time": 1188.8818666934967, "train/consistency_loss": 7.1822028075985145e-06, "train/reward_loss": 0.3245181441307068, "train/value_loss": 0.3870997428894043, "train/total_loss": 0.051950447261333466, "train/grad_norm": 3.0109002590179443, "train/pi_loss": -0.14331546425819397, "train/pi_grad_norm": 0.9833986163139343, "train/pi_entropy": -24.058101654052734, "train/pi_scaled_entropy": 16.485309600830078, "train/pi_scale": 1.0, "_wandb": {"runtime": 1191}}