{"eval/episode_reward": 329.9529724121094, "eval/episode_success": 0.0, "eval/step": 0, "eval/episode": 0, "eval/total_time": 45.59608554840088, "_timestamp": 1746783662.72032, "_runtime": 49.865357875823975, "_step": 1000, "train/episode_reward": 361.0516662597656, "train/episode_success": 0.0, "train/step": 1000, "train/episode": 9, "train/total_time": 45.99872922897339, "_wandb": {"runtime": 47}}