{"eval/episode_reward": 279.42144775390625, "eval/episode_success": 0.0, "eval/step": 0, "eval/episode": 0, "eval/total_time": 16.87469220161438, "_timestamp": 1747038900.956413, "_runtime": 20.327518939971924, "_step": 1000, "train/episode_reward": 294.177978515625, "train/episode_success": 0.0, "train/step": 1000, "train/episode": 9, "train/total_time": 17.260743379592896, "_wandb": {"runtime": 18}}