{"eval/episode_reward": 354.4132385253906, "eval/episode_success": 0.0, "eval/step": 0, "eval/episode": 0, "eval/total_time": 33.33183479309082, "_timestamp": 1746712383.1817205, "_runtime": 37.69938945770264, "_step": 1000, "train/episode_reward": 361.0516662597656, "train/episode_success": 0.0, "train/step": 1000, "train/episode": 9, "train/total_time": 33.73747253417969, "_wandb": {"runtime": 35}}