{"eval/episode_reward": 145.07803344726562, "eval/episode_success": 0.0, "eval/step": 0, "eval/episode": 0, "eval/total_time": 16.94924783706665, "_timestamp": 1747037844.1028278, "_runtime": 215.42400074005127, "_step": 2800, "train/episode_reward": 440.0283508300781, "train/episode_success": 0.0, "train/step": 2800, "train/episode": 27, "train/total_time": 211.69068956375122, "train/reward_loss": 0.6551450490951538, "train/value_loss": 0.7353727221488953, "train/consistency_loss": 4.527508679075254e-07, "train/total_loss": 0.139060840010643, "train/grad_norm": 4.93345832824707, "train/pi_loss": -0.04474220424890518, "train/pi_grad_norm": 0.08455264568328857, "train/pi_entropy": -42.989681243896484, "train/pi_scaled_entropy": 44.928382873535156, "train/pi_q": 0.07267960906028748, "train/pi_scale": 1.0, "_wandb": {"runtime": 219}}