{"eval/episode_reward": 125.6579818725586, "eval/episode_success": 0.0, "eval/step": 0, "eval/episode": 0, "eval/total_time": 42.15891194343567, "_timestamp": 1746807154.1151545, "_runtime": 49.08596158027649, "_step": 1000, "train/episode_reward": 361.0516662597656, "train/episode_success": 0.0, "train/step": 1000, "train/episode": 9, "train/total_time": 42.54931402206421, "_wandb": {"runtime": 43}}