{"eval/episode_reward": 0.8095062375068665, "eval/episode_success": 0.0, "eval/step": 0, "eval/episode": 0, "eval/total_time": 9.821492195129395, "_timestamp": 1745158441.4733267, "_runtime": 18.4874107837677, "_step": 2500, "train/episode_reward": 6.639308452606201, "train/episode_success": 0.0, "train/step": 2500, "train/episode": 4, "train/total_time": 10.110772609710693, "_wandb": {"runtime": 12}}