{"eval/episode_reward": 317.9283142089844, "eval/episode_success": 0.0, "eval/step": 0, "eval/episode": 0, "eval/total_time": 1.39591383934021, "_timestamp": 1745302725.0816836, "_runtime": 5.932405710220337, "_step": 1000, "train/episode_reward": 361.0516662597656, "train/episode_success": 0.0, "train/step": 1000, "train/episode": 9, "train/total_time": 1.7865092754364014, "_wandb": {"runtime": 3}}