{"eval/episode_reward": 0.7665198445320129, "eval/episode_success": 0.0, "eval/step": 0, "eval/episode": 0, "eval/total_time": 7.90915584564209, "_timestamp": 1745106644.2118504, "_runtime": 11.084338426589966, "_step": 2500, "train/episode_reward": 7.817692756652832, "train/episode_success": 0.0, "train/step": 2500, "train/episode": 4, "train/total_time": 8.199614524841309, "_wandb": {"runtime": 16}}