{"eval/episode_reward": 277.5655212402344, "eval/episode_success": 0.0, "eval/step": 0, "eval/episode": 0, "eval/total_time": 16.158007621765137, "_timestamp": 1747059154.697714, "_runtime": 20.298213005065918, "_step": 1000, "train/episode_reward": 294.177978515625, "train/episode_success": 0.0, "train/step": 1000, "train/episode": 9, "train/total_time": 16.541710376739502, "_wandb": {"runtime": 66}}