{"eval/episode_reward": 242.0946807861328, "eval/episode_success": 0.0, "eval/step": 0, "eval/episode": 0, "eval/total_time": 1.4149227142333984, "_timestamp": 1745285649.462424, "_runtime": 5.032449007034302, "_step": 1000, "train/episode_reward": 361.0516662597656, "train/episode_success": 0.0, "train/step": 1000, "train/episode": 9, "train/total_time": 1.811105489730835, "_wandb": {"runtime": 2}}