{"eval/episode_reward": 157.63502502441406, "eval/episode_success": 0.0, "eval/step": 0, "eval/episode": 0, "eval/total_time": 50.19196534156799, "_timestamp": 1746885751.4720697, "_runtime": 406.9455647468567, "_step": 2800, "train/episode_reward": 256.3373107910156, "train/episode_success": 0.0, "train/step": 2800, "train/episode": 27, "train/total_time": 402.21861600875854, "train/reward_loss": 0.6332136392593384, "train/value_loss": 0.9120379686355591, "train/consistency_loss": 8.549068866159359e-07, "train/total_loss": 0.15453371405601501, "train/grad_norm": 5.360264301300049, "train/pi_loss": -0.16616113483905792, "train/pi_entropy": -22.918521881103516, "train/pi_scaled_entropy": 23.559152603149414, "train/pi_q": 0.5826823115348816, "train/pi_scale": 1.0000089406967163, "_wandb": {"runtime": 408}}