{"eval/episode_reward": 170.63516235351562, "eval/episode_success": 0.0, "eval/step": 0, "eval/episode": 0, "eval/total_time": 41.59447717666626, "_timestamp": 1747016687.6890028, "_runtime": 369.0160746574402, "_step": 2800, "train/episode_reward": 701.807861328125, "train/episode_success": 0.0, "train/step": 2800, "train/episode": 27, "train/total_time": 365.9061486721039, "train/reward_loss": 0.6440571546554565, "train/value_loss": 0.753234326839447, "train/consistency_loss": 1.621596226186739e-07, "train/total_loss": 0.139730766415596, "train/grad_norm": 0.8963294625282288, "train/pi_loss": -0.27282869815826416, "train/pi_grad_norm": 0.1016133576631546, "train/pi_entropy": -35.09773635864258, "train/pi_scaled_entropy": 28.530956268310547, "train/pi_q": 0.9590488076210022, "train/pi_scale": 0.5989377498626709, "_wandb": {"runtime": 367}}