{"eval/episode_reward": 264.8678894042969, "eval/episode_success": 0.0, "eval/step": 0, "eval/episode": 0, "eval/total_time": 17.236753940582275, "_timestamp": 1747030816.1194625, "_runtime": 1278.4452104568481, "_step": 17000, "train/episode_reward": 1765.978271484375, "train/episode_success": 1.0, "train/step": 17000, "train/episode": 169, "train/total_time": 1274.5152940750122, "train/reward_loss": 0.5671416521072388, "train/value_loss": 0.5804286599159241, "train/consistency_loss": 7.28953068573901e-07, "train/total_loss": 0.11477161198854446, "train/grad_norm": 4.506778240203857, "train/pi_loss": 0.0660688728094101, "train/pi_grad_norm": 0.20006553828716278, "train/pi_entropy": -24.452754974365234, "train/pi_scaled_entropy": 22.144245147705078, "train/pi_q": -0.11523596942424774, "train/pi_scale": 1.0, "_wandb": {"runtime": 1276}}