{"eval/episode_reward": 314.9434814453125, "eval/episode_success": 0.0, "eval/step": 0, "eval/episode": 0, "eval/total_time": 38.734658002853394, "_timestamp": 1746701669.6707335, "_runtime": 1467.2939324378967, "_step": 11100, "train/episode_reward": 289.4098205566406, "train/episode_success": 0.0, "train/step": 11100, "train/episode": 110, "train/total_time": 1463.931842803955, "train/reward_loss": 0.3704615533351898, "train/value_loss": 0.019962986931204796, "train/consistency_loss": 4.6728942493245995e-07, "train/model_loss": 0.03904712572693825, "train/pi_loss": 0.033319562673568726, "train/kl_loss": -1.7539623513584957e-05, "train/adv_mean": -0.49337702989578247, "train/adv_std": 0.16886742413043976, "_wandb": {"runtime": 1469}}