{"eval/episode_reward": 143.7968292236328, "eval/episode_success": 0.3, "eval/step": 0, "eval/episode": 0, "eval/total_time": 24.387706518173218, "_timestamp": 1745476018.3688128, "_runtime": 29.019641876220703, "_step": 1000, "train/episode_reward": 163.25149536132812, "train/episode_success": 0.0, "train/step": 1000, "train/episode": 9, "train/total_time": 24.97728991508484, "_wandb": {"runtime": 26}}