{"eval/episode_reward": 170.63516235351562, "eval/episode_success": 0.0, "eval/step": 0, "eval/episode": 0, "eval/total_time": 41.283146142959595, "_timestamp": 1747020679.0290208, "_runtime": 44.977646827697754, "_step": 1000, "train/episode_reward": 361.0516662597656, "train/episode_success": 0.0, "train/step": 1000, "train/episode": 9, "train/total_time": 41.67357110977173, "_wandb": {"runtime": 42}}