{"eval/episode_reward": 180.700927734375, "eval/episode_success": 0.0, "eval/step": 0, "eval/episode": 0, "eval/total_time": 33.484196186065674, "_timestamp": 1745718980.304763, "_runtime": 38.179157972335815, "_step": 1000, "train/episode_reward": 163.25149536132812, "train/episode_success": 0.0, "train/step": 1000, "train/episode": 9, "train/total_time": 34.07749819755554, "_wandb": {"runtime": 35}}