{"eval/episode_reward": 125.42936706542969, "eval/episode_success": 0.0, "eval/step": 0, "eval/episode": 0, "eval/total_time": 48.41809582710266, "_timestamp": 1746811851.1969712, "_runtime": 53.24873113632202, "_step": 1000, "train/episode_reward": 361.0516662597656, "train/episode_success": 0.0, "train/step": 1000, "train/episode": 9, "train/total_time": 48.80743193626404, "_wandb": {"runtime": 49}}