{"eval/episode_reward": 281.92279052734375, "eval/episode_success": 0.0, "eval/step": 0, "eval/episode": 0, "eval/total_time": 24.37265944480896, "_timestamp": 1745893493.6539733, "_runtime": 892.346916437149, "_step": 10200, "train/episode_reward": 189.01502990722656, "train/episode_success": 0.0, "train/step": 10200, "train/episode": 101, "train/total_time": 889.2567586898804, "train/policy_loss": 0.47786760330200195, "train/reward_loss": 0.14092004299163818, "train/value_loss": 0.011222004890441895, "train/consistency_loss": 0.010846934281289577, "train/total_loss": 0.043398212641477585, "_wandb": {"runtime": 893}}