{"eval/episode_reward": 395.25836181640625, "eval/episode_success": 0.0, "eval/step": 200000, "eval/episode": 1999, "eval/total_time": 26008.41223335266, "_timestamp": 1746844137.6130931, "_runtime": 28321.375313043594, "_step": 218000, "train/episode_reward": 377.0537414550781, "train/episode_success": 0.0, "train/step": 218000, "train/episode": 2179, "train/total_time": 28317.911595344543, "train/reward_loss": 0.523263692855835, "train/value_loss": 0.6539204120635986, "train/consistency_loss": 1.5259389556376846e-06, "train/model_loss": 0.1177336722612381, "train/pi_loss": -0.18284516036510468, "train/pi_entropy": 2.730008602142334, "train/pi_scaled_entropy": 10.920034408569336, "train/pi_q": 0.6439990997314453, "train/pi_scale": 158.73428344726562, "_wandb": {"runtime": 28319}}