{"eval/episode_reward": 314.9434814453125, "eval/episode_success": 0.0, "eval/step": 0, "eval/episode": 0, "eval/total_time": 39.067930459976196, "_timestamp": 1746705267.6609325, "_runtime": 44.01597261428833, "_step": 1000, "train/episode_reward": 361.0516662597656, "train/episode_success": 0.0, "train/step": 1000, "train/episode": 9, "train/total_time": 39.47148013114929, "_wandb": {"runtime": 40}}