{"eval/episode_reward": 295.4504089355469, "eval/episode_success": 0.0, "eval/step": 0, "eval/episode": 0, "eval/total_time": 33.32696199417114, "_timestamp": 1746690541.9561458, "_runtime": 652.8776848316193, "_step": 5000, "train/episode_reward": 188.81912231445312, "train/episode_success": 0.0, "train/step": 5000, "train/episode": 49, "train/total_time": 648.2146399021149, "train/reward_loss": 0.6977517008781433, "train/value_loss": 0.09316916763782501, "train/consistency_loss": 2.2851048697702936e-07, "train/model_loss": 0.07909437268972397, "train/pi_loss": -0.00030051544308662415, "train/bc_loss": 0.0, "train/adv_mean": -0.5934867858886719, "train/adv_std": 0.16960495710372925, "_wandb": {"runtime": 653}}