{"eval/episode_reward": 354.4132385253906, "eval/episode_success": 0.0, "eval/step": 0, "eval/episode": 0, "eval/total_time": 33.2657949924469, "_timestamp": 1746712192.7127988, "_runtime": 37.8150577545166, "_step": 1000, "train/episode_reward": 361.0516662597656, "train/episode_success": 0.0, "train/step": 1000, "train/episode": 9, "train/total_time": 33.662455558776855, "_wandb": {"runtime": 34}}