{"eval/episode_reward": 295.4504089355469, "eval/episode_success": 0.0, "eval/step": 0, "eval/episode": 0, "eval/total_time": 33.934136390686035, "_timestamp": 1745944324.8765497, "_runtime": 767.790670633316, "_step": 1600, "train/episode_reward": 44.987632751464844, "train/episode_success": 0.0, "train/step": 1600, "train/episode": 15, "train/total_time": 761.4021527767181, "train/reward_loss": 0.08752889931201935, "train/value_loss": 0.002878093859180808, "train/consistency_loss": 0.0009418057161383331, "train/model_loss": 0.018458757549524307, "train/pi_loss": 0.10472885519266129, "_wandb": {"runtime": 792}}