{"eval/episode_reward": 155.62936401367188, "eval/episode_success": 0.0, "eval/step": 0, "eval/episode": 0, "eval/total_time": 65.13414239883423, "_timestamp": 1745806554.1616511, "_runtime": 2618.928432226181, "_step": 8000, "train/episode_reward": 144.28944396972656, "train/episode_success": 0.0, "train/step": 8000, "train/episode": 79, "train/total_time": 2615.912961959839, "train/policy_loss": 3.2799601554870605, "train/reward_loss": 1.8991477489471436, "train/value_loss": 0.14879697561264038, "train/consistency_loss": 0.010393782518804073, "train/total_loss": 0.3087323009967804, "_wandb": {"runtime": 2645}}