{"eval/episode_reward": 227.41098022460938, "eval/episode_success": 0.0, "eval/step": 0, "eval/episode": 0, "eval/total_time": 35.02637338638306, "_timestamp": 1745895277.5196548, "_runtime": 1571.8314516544342, "_step": 17500, "train/episode_reward": 85.5821533203125, "train/episode_success": 0.0, "train/step": 17500, "train/episode": 174, "train/total_time": 1568.2920215129852, "train/policy_loss": 1.6129506826400757, "train/reward_loss": 0.23559558391571045, "train/value_loss": 0.02192666009068489, "train/consistency_loss": 0.004943422041833401, "train/total_loss": 0.07287134975194931, "_wandb": {"runtime": 1576}}