{"eval/episode_reward": 0.8095062375068665, "eval/episode_success": 0.0, "eval/step": 0, "eval/episode": 0, "eval/total_time": 9.443126916885376, "_timestamp": 1745155909.6180675, "_runtime": 13.494406461715698, "_step": 2500, "train/episode_reward": 7.8387932777404785, "train/episode_success": 0.0, "train/step": 2500, "train/episode": 4, "train/total_time": 9.725165128707886, "_wandb": {"runtime": 12}}