{"eval/episode_reward": 0.8095062375068665, "eval/episode_success": 0.0, "eval/step": 0, "eval/episode": 0, "eval/total_time": 9.402985095977783, "_timestamp": 1745131043.0865498, "_runtime": 13.220109701156616, "_step": 2500, "train/episode_reward": 10.893321990966797, "train/episode_success": 0.0, "train/step": 2500, "train/episode": 4, "train/total_time": 9.67454481124878, "_wandb": {"runtime": 11}}