{"eval/episode_reward": 133.75218200683594, "eval/episode_success": 0.4, "eval/step": 0, "eval/episode": 0, "eval/total_time": 26.28298306465149, "_timestamp": 1745463540.323542, "_runtime": 31.401686191558838, "_step": 1000, "train/episode_reward": 163.25149536132812, "train/episode_success": 0.0, "train/step": 1000, "train/episode": 9, "train/total_time": 26.869492769241333, "_wandb": {"runtime": 29}}