{"eval/episode_reward": 125.42936706542969, "eval/episode_success": 0.0, "eval/step": 0, "eval/episode": 0, "eval/total_time": 48.19026160240173, "_timestamp": 1746811999.715894, "_runtime": 52.031562089920044, "_step": 1000, "train/episode_reward": 361.0516662597656, "train/episode_success": 0.0, "train/step": 1000, "train/episode": 9, "train/total_time": 48.5822331905365, "_wandb": {"runtime": 49}}