{"eval/episode_reward": 125.6579818725586, "eval/episode_success": 0.0, "eval/step": 0, "eval/episode": 0, "eval/total_time": 41.575199365615845, "_timestamp": 1746806898.445545, "_runtime": 47.84411001205444, "_step": 1000, "train/episode_reward": 361.0516662597656, "train/episode_success": 0.0, "train/step": 1000, "train/episode": 9, "train/total_time": 41.96688675880432, "_wandb": {"runtime": 43}}