{"eval/episode_reward": 328.60589599609375, "eval/episode_success": 0.0, "eval/step": 0, "eval/episode": 0, "eval/total_time": 47.067198753356934, "_timestamp": 1746794294.890329, "_runtime": 50.82637691497803, "_step": 1000, "train/episode_reward": 361.0516662597656, "train/episode_success": 0.0, "train/step": 1000, "train/episode": 9, "train/total_time": 47.45877385139465, "_wandb": {"runtime": 48}}