{"eval/episode_reward": 185.4278106689453, "eval/episode_success": 0.0, "eval/step": 160000, "eval/episode": 1599, "eval/total_time": 34003.12234759331, "_timestamp": 1745842550.8188102, "_runtime": 34714.718368291855, "_step": 162800, "train/episode_reward": 191.85076904296875, "train/episode_success": 0.0, "train/step": 162800, "train/episode": 1627, "train/total_time": 34711.074711084366, "train/policy_loss": 3.6939823627471924, "train/reward_loss": 0.036931026726961136, "train/value_loss": 0.019885698333382607, "train/consistency_loss": 0.005654758308082819, "train/total_loss": 0.062229253351688385, "_wandb": {"runtime": 34753}}