{"eval/episode_reward": 0.0, "eval/episode_success": 0.0, "eval/step": 0, "eval/episode": 0, "eval/total_time": 17.750937461853027, "_timestamp": 1746675594.389422, "_runtime": 22.404818058013916, "_step": 1000, "train/episode_reward": 361.0516662597656, "train/episode_success": 0.0, "train/step": 1000, "train/episode": 9, "train/total_time": 18.149280071258545, "_wandb": {"runtime": 19}}