{"eval/episode_reward": 264.8678894042969, "eval/episode_success": 0.0, "eval/step": 0, "eval/episode": 0, "eval/total_time": 16.59399938583374, "_timestamp": 1747031201.2401452, "_runtime": 20.49654722213745, "_step": 1000, "train/episode_reward": 294.177978515625, "train/episode_success": 0.0, "train/step": 1000, "train/episode": 9, "train/total_time": 16.980855464935303, "_wandb": {"runtime": 18}}