{"eval/episode_reward": 143.7968292236328, "eval/episode_success": 0.3, "eval/step": 0, "eval/episode": 0, "eval/total_time": 49.0762984752655, "_timestamp": 1745464683.5974598, "_runtime": 52.535077810287476, "_step": 1000, "train/episode_reward": 163.25149536132812, "train/episode_success": 0.0, "train/step": 1000, "train/episode": 9, "train/total_time": 49.66688585281372, "_wandb": {"runtime": 57}}