{"eval/episode_reward": 125.6579818725586, "eval/episode_success": 0.0, "eval/step": 0, "eval/episode": 0, "eval/total_time": 42.49440836906433, "_timestamp": 1746805902.3261113, "_runtime": 47.09763240814209, "_step": 1000, "train/episode_reward": 361.0516662597656, "train/episode_success": 0.0, "train/step": 1000, "train/episode": 9, "train/total_time": 42.88550305366516, "_wandb": {"runtime": 44}}