{"eval/episode_reward": 125.6579818725586, "eval/episode_success": 0.0, "eval/step": 0, "eval/episode": 0, "eval/total_time": 41.546271324157715, "_timestamp": 1746805321.2317362, "_runtime": 49.43011426925659, "_step": 1000, "train/episode_reward": 361.0516662597656, "train/episode_success": 0.0, "train/step": 1000, "train/episode": 9, "train/total_time": 41.933727741241455, "_wandb": {"runtime": 43}}