{"eval/episode_reward": 81.88306427001953, "eval/episode_success": 0.0, "eval/step": 0, "eval/episode": 0, "eval/total_time": 19.470743417739868, "_timestamp": 1745648480.0807183, "_runtime": 1375.4350383281708, "_step": 2900, "train/episode_reward": 104.052001953125, "train/episode_success": 0.0, "train/step": 2900, "train/episode": 28, "train/total_time": 1371.3901381492615, "train/policy_loss": 4.191926956176758, "train/reward_loss": 1.597243070602417, "train/value_loss": 7.295838832855225, "train/consistency_loss": 3.053218833315441e-08, "train/total_loss": 0.8897280097007751, "_wandb": {"runtime": 1377}}