{"eval/episode_reward": 0.8095062375068665, "eval/episode_success": 0.0, "eval/step": 0, "eval/episode": 0, "eval/total_time": 9.390201568603516, "_timestamp": 1745162425.5385423, "_runtime": 46.36974024772644, "_step": 2500, "train/episode_reward": 7.4813079833984375, "train/episode_success": 0.0, "train/step": 2500, "train/episode": 4, "train/total_time": 9.65634536743164, "_wandb": {"runtime": 10}}