{"eval/episode_reward": 291.0419616699219, "eval/episode_success": 0.0, "eval/step": 0, "eval/episode": 0, "eval/total_time": 17.528050422668457, "_timestamp": 1746674120.5391574, "_runtime": 22.671456336975098, "_step": 1000, "train/episode_reward": 361.0516662597656, "train/episode_success": 0.0, "train/step": 1000, "train/episode": 9, "train/total_time": 17.921592473983765, "_wandb": {"runtime": 19}}