{"eval/episode_reward": 1458.4012451171875, "eval/episode_success": 0.6, "eval/step": 20000, "eval/episode": 199, "eval/total_time": 1550.7567474842072, "_timestamp": 1747029458.6958916, "_runtime": 2085.852398633957, "_step": 26900, "train/episode_reward": 166.4923858642578, "train/episode_success": 0.0, "train/step": 26900, "train/episode": 268, "train/total_time": 2079.898644208908, "train/reward_loss": 0.5167249441146851, "train/value_loss": 0.5312508344650269, "train/consistency_loss": 7.297563797692419e-07, "train/total_loss": 0.10481217503547668, "train/grad_norm": 3.6455800533294678, "train/pi_loss": 0.0552435927093029, "train/pi_grad_norm": 0.0003768024907913059, "train/pi_entropy": -41.49662780761719, "train/pi_scaled_entropy": 54.72809600830078, "train/pi_q": -0.09987800568342209, "train/pi_scale": 1.0, "_wandb": {"runtime": 2084}}