{"eval/episode_reward": 328.60589599609375, "eval/episode_success": 0.0, "eval/step": 0, "eval/episode": 0, "eval/total_time": 48.422529458999634, "_timestamp": 1746798293.5219114, "_runtime": 216.11875343322754, "_step": 1500, "train/episode_reward": 141.04840087890625, "train/episode_success": 0.0, "train/step": 1500, "train/episode": 14, "train/total_time": 212.0237271785736, "train/reward_loss": 0.3614022135734558, "train/value_loss": 0.03079935535788536, "train/consistency_loss": 4.237683697283501e-06, "train/model_loss": 0.03926253318786621, "train/pi_loss": -72343.25, "train/pi_entropy": -145901.4375, "train/pi_q": 0.07719578593969345, "train/alpha": 1.7360795736312866, "_wandb": {"runtime": 214}}