{"eval/episode_reward": 95.43993377685547, "eval/episode_success": 0.0, "eval/step": 0, "eval/episode": 0, "eval/total_time": 116.73938798904419, "_timestamp": 1745846839.9248555, "_runtime": 3692.997407436371, "_step": 12300, "train/episode_reward": 466.07244873046875, "train/episode_success": 0.0, "train/step": 12300, "train/episode": 122, "train/total_time": 3689.5593202114105, "train/policy_loss": 3.793896436691284, "train/reward_loss": 0.4216020703315735, "train/value_loss": 0.00010832719272002578, "train/consistency_loss": 3.975544302647904e-07, "train/total_loss": 0.042175017297267914, "_wandb": {"runtime": 3692}}