{"videos/eval_video": {"_type": "video-file", "sha256": "41004ca5c63006bb761415df99ab1d9f10fb24f4479390ae575cfab6de49ce65", "size": 1024722, "path": "media/videos/videos/eval_video_39500_41004ca5c63006bb7614.mp4", "width": 384, "height": 384}, "_timestamp": 1747141743.9201102, "eval/episode_reward": 4.567293643951416, "eval/episode_success": 0.0, "eval/step": 40000, "eval/episode": 79, "eval/total_time": 4769.133113384247, "_runtime": 5059.5346212387085, "_step": 42500, "train/episode_reward": 5.159713268280029, "train/episode_success": 0.0, "train/step": 42500, "train/episode": 84, "train/total_time": 5054.78999376297, "train/reward_loss": 0.1273747682571411, "train/value_loss": 1.4652653932571411, "train/consistency_loss": 0.0067974901758134365, "train/total_loss": 0.29521381855010986, "train/grad_norm": 24.77375602722168, "train/pi_loss": -0.14844195544719696, "train/pi_grad_norm": 3.4180393981841917e-07, "train/pi_entropy": -177.81857299804688, "train/pi_scaled_entropy": 4933.701171875, "train/pi_scale": 1.0, "_wandb": {"runtime": 5068}}