{"eval/episode_reward": 328.58294677734375, "eval/episode_success": 0.0, "eval/step": 0, "eval/episode": 0, "eval/total_time": 46.82998299598694, "_timestamp": 1746790536.103805, "_runtime": 51.371790170669556, "_step": 1000, "train/episode_reward": 361.0516662597656, "train/episode_success": 0.0, "train/step": 1000, "train/episode": 9, "train/total_time": 47.22052550315857, "_wandb": {"runtime": 48}}