{"eval/episode_reward": 51.23375701904297, "eval/episode_success": 0.0, "eval/step": 0, "eval/episode": 0, "eval/total_time": 22.7100670337677, "_timestamp": 1747191332.6108031, "_runtime": 26.28712821006775, "_step": 1000, "train/episode_reward": 294.177978515625, "train/episode_success": 0.0, "train/step": 1000, "train/episode": 9, "train/total_time": 23.0988347530365, "_wandb": {"runtime": 24}}