{"eval/episode_reward": 601.115234375, "eval/episode_success": 0.0, "eval/step": 0, "eval/episode": 0, "eval/total_time": 15.343995809555054, "_timestamp": 1747037124.887408, "_runtime": 195.74351501464844, "_step": 2800, "train/episode_reward": 426.6997375488281, "train/episode_success": 0.0, "train/step": 2800, "train/episode": 27, "train/total_time": 191.952730178833, "train/reward_loss": 0.7474229335784912, "train/value_loss": 0.7585780024528503, "train/consistency_loss": 1.6671060620865319e-06, "train/total_loss": 0.15063345432281494, "train/grad_norm": 3.0643563270568848, "train/pi_loss": 0.1801658570766449, "train/pi_grad_norm": 0.02317541278898716, "train/pi_entropy": -41.88825988769531, "train/pi_scaled_entropy": 50.180694580078125, "train/pi_q": -0.313804030418396, "train/pi_scale": 1.0, "_wandb": {"runtime": 194}}