{"eval/episode_reward": 235.3900909423828, "eval/episode_success": 0.0, "eval/step": 140000, "eval/episode": 1399, "eval/total_time": 28843.003998994827, "_timestamp": 1745842310.6040633, "_runtime": 32695.58473134041, "_step": 159400, "train/episode_reward": 140.76943969726562, "train/episode_success": 0.0, "train/step": 159400, "train/episode": 1593, "train/total_time": 32692.33993911743, "train/policy_loss": 3.229072332382202, "train/reward_loss": 0.1456993669271469, "train/value_loss": 1.604216595296748e-05, "train/consistency_loss": 0.0056472220458090305, "train/total_loss": 0.07104375958442688, "_wandb": {"runtime": 32701}}