{"eval/episode_reward": 277.5655212402344, "eval/episode_success": 0.0, "eval/step": 0, "eval/episode": 0, "eval/total_time": 16.92346954345703, "_timestamp": 1747063943.118074, "_runtime": 21.639339923858643, "_step": 1000, "train/episode_reward": 294.177978515625, "train/episode_success": 0.0, "train/step": 1000, "train/episode": 9, "train/total_time": 17.31411600112915, "_wandb": {"runtime": 18}}