{"eval/episode_reward": 314.9434814453125, "eval/episode_success": 0.0, "eval/step": 0, "eval/episode": 0, "eval/total_time": 38.825512170791626, "_timestamp": 1746706629.6510484, "_runtime": 1281.787160396576, "_step": 9700, "train/episode_reward": 498.02093505859375, "train/episode_success": 0.0, "train/step": 9700, "train/episode": 96, "train/total_time": 1277.9316201210022, "train/reward_loss": 0.3385416567325592, "train/value_loss": 0.03977695107460022, "train/consistency_loss": 3.616381150095549e-07, "train/model_loss": 0.03783547878265381, "train/pi_loss": -0.04143380746245384, "train/kl_loss": 1.8430931731927558e-06, "train/kl_coef": 0.1, "train/adv_mean": -0.4572407305240631, "train/adv_std": 0.13966940343379974, "_wandb": {"runtime": 1283}}