{"eval/episode_reward": 329.9529724121094, "eval/episode_success": 0.0, "eval/step": 0, "eval/episode": 0, "eval/total_time": 46.364320039749146, "_timestamp": 1746789220.3063138, "_runtime": 1262.621158838272, "_step": 9400, "train/episode_reward": 924.697998046875, "train/episode_success": 0.0, "train/step": 9400, "train/episode": 93, "train/total_time": 1254.3863151073456, "train/reward_loss": 0.656040608882904, "train/value_loss": 0.1127089336514473, "train/consistency_loss": 1.7596624957150198e-07, "train/model_loss": 0.07687671482563019, "train/pi_loss": -0.003615930210798979, "train/pi_entropy": 13.671923637390137, "train/pi_q": 0.01151308137923479, "_wandb": {"runtime": 1265}}