{"eval/episode_reward": 285.7482604980469, "eval/episode_success": 0.0, "eval/step": 0, "eval/episode": 0, "eval/total_time": 17.479644060134888, "_timestamp": 1747027344.2510397, "_runtime": 475.9755856990814, "_step": 6200, "train/episode_reward": 395.2685852050781, "train/episode_success": 0.0, "train/step": 6200, "train/episode": 61, "train/total_time": 472.77250576019287, "train/reward_loss": 0.5685335397720337, "train/value_loss": 0.8703070878982544, "train/consistency_loss": 3.0647308335574053e-07, "train/total_loss": 0.14389018714427948, "train/grad_norm": 2.992483377456665, "train/pi_loss": -1.9638893604278564, "train/pi_grad_norm": 0.2936784625053406, "train/pi_entropy": -21.787399291992188, "train/pi_scaled_entropy": -23.48086929321289, "train/pi_q": 3.35573148727417, "train/pi_scale": 9.125658988952637, "_wandb": {"runtime": 478}}