{"eval/episode_reward": 187.00869750976562, "eval/episode_success": 0.0, "eval/step": 200000, "eval/episode": 1999, "eval/total_time": 83103.96153306961, "_timestamp": 1745808084.4514651, "_runtime": 87293.63539004326, "_step": 212400, "train/episode_reward": 186.64500427246094, "train/episode_success": 0.0, "train/step": 212400, "train/episode": 2123, "train/total_time": 87290.17064785957, "train/policy_loss": 3.7980294227600098, "train/reward_loss": 1.5248278379440308, "train/value_loss": 0.0014953614445403218, "train/consistency_loss": 0.01707593910396099, "train/total_loss": 0.32339173555374146, "_wandb": {"runtime": 87324}}