{"eval/episode_reward": 125.42936706542969, "eval/episode_success": 0.0, "eval/step": 0, "eval/episode": 0, "eval/total_time": 48.15585470199585, "_timestamp": 1746815045.3130867, "_runtime": 1394.6296117305756, "_step": 9900, "train/episode_reward": 295.13690185546875, "train/episode_success": 0.0, "train/step": 9900, "train/episode": 98, "train/total_time": 1391.0097954273224, "train/reward_loss": 0.6311904788017273, "train/value_loss": 0.637372612953186, "train/consistency_loss": 1.0248350008623675e-06, "train/model_loss": 0.12686656415462494, "train/pi_loss": -0.1499277800321579, "train/pi_entropy": 2.7316372394561768, "train/pi_scaled_entropy": 10.926548957824707, "train/pi_q": 0.5297876596450806, "train/pi_scale": 210.9243927001953, "_wandb": {"runtime": 1396}}