{"eval/episode_reward": 170.63516235351562, "eval/episode_success": 0.0, "eval/step": 0, "eval/episode": 0, "eval/total_time": 41.423720836639404, "_timestamp": 1747020005.4977534, "_runtime": 585.5346524715424, "_step": 4300, "train/episode_reward": 771.5384521484375, "train/episode_success": 0.0, "train/step": 4300, "train/episode": 42, "train/total_time": 581.8217625617981, "train/reward_loss": 0.6906658411026001, "train/value_loss": 0.7108857035636902, "train/consistency_loss": 6.136185675131856e-07, "train/total_loss": 0.14016130566596985, "train/grad_norm": 12.522539138793945, "train/pi_loss": -0.1710040122270584, "train/pi_grad_norm": 0.006521385163068771, "train/pi_entropy": -42.2203369140625, "train/pi_scaled_entropy": 50.18806838989258, "train/pi_q": 0.5977920889854431, "train/pi_scale": 1.0, "_wandb": {"runtime": 593}}