{"eval/episode_reward": 0.8168090581893921, "eval/episode_success": 0.0, "eval/step": 0, "eval/episode": 0, "eval/total_time": 10.647440671920776, "_timestamp": 1745127414.9484878, "_runtime": 15.621927738189697, "_step": 2500, "train/episode_reward": 5.635591506958008, "train/episode_success": 0.0, "train/step": 2500, "train/episode": 4, "train/total_time": 10.940844535827637, "_wandb": {"runtime": 12}}