{"eval/episode_reward": 1814.247802734375, "eval/episode_success": 0.6, "eval/step": 60000, "eval/episode": 599, "eval/total_time": 34362.1615049839, "_timestamp": 1747103065.109225, "_runtime": 37891.06420707703, "_step": 65900, "train/episode_reward": 1846.5367431640625, "train/episode_success": 1.0, "train/step": 65900, "train/episode": 658, "train/total_time": 37885.66386914253, "train/reward_loss": 0.5358790159225464, "train/value_loss": 0.50403892993927, "train/consistency_loss": 2.8829197162849596e-07, "train/total_loss": 0.10399755835533142, "train/grad_norm": 5.050847053527832, "train/pi_loss": -154.9105682373047, "train/pi_grad_norm": 6.988632605953171e-08, "train/pi_entropy": -27.119550704956055, "train/pi_scaled_entropy": 54.723846435546875, "train/pi_scale": 17.037864685058594, "_wandb": {"runtime": 37911}}