{"eval/episode_reward": 320.4560241699219, "eval/episode_success": 0.0, "eval/step": 0, "eval/episode": 0, "eval/total_time": 33.7659854888916, "_timestamp": 1746708081.9990788, "_runtime": 440.6536056995392, "_step": 3400, "train/episode_reward": 100.52415466308594, "train/episode_success": 0.0, "train/step": 3400, "train/episode": 33, "train/total_time": 436.3272542953491, "train/reward_loss": 0.18136027455329895, "train/value_loss": 0.013583200983703136, "train/consistency_loss": 0.0010172108886763453, "train/model_loss": 0.029666457325220108, "train/pi_loss": -0.0009772581979632378, "train/entropy": 13.045345306396484, "_wandb": {"runtime": 442}}