{"eval/episode_reward": 328.60589599609375, "eval/episode_success": 0.0, "eval/step": 0, "eval/episode": 0, "eval/total_time": 46.257659912109375, "_timestamp": 1746795674.5408444, "_runtime": 51.00369453430176, "_step": 1000, "train/episode_reward": 361.0516662597656, "train/episode_success": 0.0, "train/step": 1000, "train/episode": 9, "train/total_time": 46.66136455535889, "_wandb": {"runtime": 47}}