{"eval/episode_reward": 0.0, "eval/episode_success": 0.0, "eval/step": 0, "eval/episode": 0, "eval/total_time": 16.53533935546875, "_timestamp": 1746673442.3117275, "_runtime": 134.06641149520874, "_step": 1100, "train/episode_reward": 2.6740360260009766, "train/episode_success": 0.0, "train/step": 1100, "train/episode": 10, "train/total_time": 129.78611040115356, "_wandb": {"runtime": 130}, "train/reward_loss": 0.5720562934875488, "train/value_loss": 0.05671729892492294, "train/consistency_loss": 6.595512968488038e-05, "train/model_loss": 0.06353690475225449, "train/pi_loss": 0.008486899547278881, "train/bc_loss": 0.0, "train/adv_mean": -0.42340001463890076, "train/adv_std": 0.0733613669872284}