{"eval/episode_reward": 35.595272064208984, "eval/episode_success": 0.0, "eval/step": 0, "eval/episode": 0, "eval/total_time": 1311.7387883663177, "_timestamp": 1745317592.9718738, "_runtime": 4807.759251832962, "_step": 7000, "train/episode_reward": 56.890289306640625, "train/episode_success": 0.0, "train/step": 7000, "train/episode": 13, "train/total_time": 4804.678423881531, "train/reward_loss": 0.08093874156475067, "train/value_loss": 0.2589152455329895, "train/consistency_loss": 0.0006840795394964516, "train/loss": -0.2473089098930359}