{"eval/episode_reward": 6.839618682861328, "eval/episode_success": 0.0, "eval/step": 0, "eval/episode": 0, "eval/total_time": 84.40889096260071, "_timestamp": 1745480955.9543388, "_runtime": 88.89939379692078, "_step": 2500, "train/episode_reward": 6.043173313140869, "train/episode_success": 0.0, "train/step": 2500, "train/episode": 4, "train/total_time": 84.692214012146, "_wandb": {"runtime": 138}}