{"eval/episode_reward": 23.340103149414062, "eval/episode_success": 0.0, "eval/step": 50000, "eval/episode": 99, "eval/total_time": 5971.379262685776, "_timestamp": 1745299127.0857341, "_runtime": 9966.0505361557, "_step": 85500, "train/episode_reward": 22.884384155273438, "train/episode_success": 0.0, "train/step": 85500, "train/episode": 170, "train/total_time": 9962.639070510864, "train/reward_loss": 0.008070725947618484, "train/value_loss": 3.677198037621565e-05, "train/consistency_loss": 0.0, "train/loss": 0.008107498288154602, "_wandb": {"runtime": 9996}}