{"videos/eval_video": {"_type": "video-file", "sha256": "03f9a38b970548d42d12429ebf728a0ec84aefabf6377d00dd079bb16bd0cf00", "size": 1185644, "path": "media/videos/videos/eval_video_119500_03f9a38b970548d42d12.mp4", "width": 384, "height": 384}, "_timestamp": 1747136656.5210943, "eval/episode_reward": 5.386807441711426, "eval/episode_success": 0.0, "eval/step": 120000, "eval/episode": 239, "eval/total_time": 14175.768787622452, "_runtime": 14410.073218345642, "_step": 122000, "train/episode_reward": 7.011198997497559, "train/episode_success": 0.0, "train/step": 122000, "train/episode": 243, "train/total_time": 14405.802620887756, "train/reward_loss": 0.14164571464061737, "train/value_loss": 1.3511505126953125, "train/consistency_loss": 0.00045556394616141915, "train/total_loss": 0.15839090943336487, "train/grad_norm": 0.06609278917312622, "train/pi_loss": -0.10331283509731293, "train/pi_grad_norm": 2.734862780684466e-09, "train/pi_entropy": -179.49993896484375, "train/pi_scaled_entropy": 4933.93310546875, "train/pi_scale": 1.0, "_wandb": {"runtime": 14409}}