{"eval/episode_reward": 277.5655212402344, "eval/episode_success": 0.0, "eval/step": 0, "eval/episode": 0, "eval/total_time": 16.699944019317627, "_timestamp": 1747144141.0545673, "_runtime": 21.92920422554016, "_step": 1000, "train/episode_reward": 294.177978515625, "train/episode_success": 0.0, "train/step": 1000, "train/episode": 9, "train/total_time": 17.094238996505737, "_wandb": {"runtime": 18}}