{"eval/episode_reward": 133.75218200683594, "eval/episode_success": 0.4, "eval/step": 0, "eval/episode": 0, "eval/total_time": 26.266988039016724, "_timestamp": 1745459081.9857368, "_runtime": 48.036364793777466, "_step": 1000, "train/episode_reward": 163.25149536132812, "train/episode_success": 0.0, "train/step": 1000, "train/episode": 9, "train/total_time": 26.850738048553467, "_wandb": {"runtime": 28}}