{"eval/episode_reward": 125.42936706542969, "eval/episode_success": 0.0, "eval/step": 0, "eval/episode": 0, "eval/total_time": 43.569698095321655, "_timestamp": 1746844769.7541087, "_runtime": 379.7185266017914, "_step": 2800, "train/episode_reward": 516.5463256835938, "train/episode_success": 0.0, "train/step": 2800, "train/episode": 27, "train/total_time": 373.03382658958435, "train/reward_loss": 0.7658272385597229, "train/value_loss": 0.6069526672363281, "train/consistency_loss": 7.5584384831017815e-06, "train/model_loss": 0.1373535692691803, "train/pi_loss": -0.3520135283470154, "train/pi_entropy": 2.735384702682495, "train/pi_scaled_entropy": 10.94153881072998, "train/pi_q": 1.2364482879638672, "train/pi_scale": 40.54225158691406, "_wandb": {"runtime": 384}}