{"eval/episode_reward": 115.15782165527344, "eval/episode_success": 0.0, "eval/step": 0, "eval/episode": 0, "eval/total_time": 42.27825999259949, "_timestamp": 1746860336.4657054, "_runtime": 46.49715232849121, "_step": 1000, "train/episode_reward": 361.0516662597656, "train/episode_success": 0.0, "train/step": 1000, "train/episode": 9, "train/total_time": 42.66795802116394, "_wandb": {"runtime": 43}}