{"eval/episode_reward": 317.9283142089844, "eval/episode_success": 0.0, "eval/step": 0, "eval/episode": 0, "eval/total_time": 1.532383918762207, "_timestamp": 1745303198.017346, "_runtime": 5.235496997833252, "_step": 1000, "train/episode_reward": 361.0516662597656, "train/episode_success": 0.0, "train/step": 1000, "train/episode": 9, "train/total_time": 1.9282946586608887, "_wandb": {"runtime": 3}}