{"eval/episode_reward": 329.9529724121094, "eval/episode_success": 0.0, "eval/step": 0, "eval/episode": 0, "eval/total_time": 45.63602662086487, "_timestamp": 1746781379.7622156, "_runtime": 49.66820955276489, "_step": 1000, "train/episode_reward": 361.0516662597656, "train/episode_success": 0.0, "train/step": 1000, "train/episode": 9, "train/total_time": 46.03677821159363, "_wandb": {"runtime": 47}}