{"eval/episode_reward": 0.7947176694869995, "eval/episode_success": 0.0, "eval/step": 0, "eval/episode": 0, "eval/total_time": 5.411007642745972, "_timestamp": 1745003276.7705615, "_runtime": 7.842297554016113, "_step": 2500, "train/episode_reward": 6.872705936431885, "train/episode_success": 0.0, "train/step": 2500, "train/episode": 4, "train/total_time": 5.691570043563843, "_wandb": {"runtime": 14}}