{"eval/episode_reward": 0.8095062375068665, "eval/episode_success": 0.0, "eval/step": 0, "eval/episode": 0, "eval/total_time": 9.409690618515015, "_timestamp": 1745131368.855034, "_runtime": 12.567172050476074, "_step": 2500, "train/episode_reward": 2.8619065284729004, "train/episode_success": 0.0, "train/step": 2500, "train/episode": 4, "train/total_time": 9.681190729141235, "_wandb": {"runtime": 11}}