{"eval/episode_reward": 270.6993713378906, "eval/episode_success": 0.0, "eval/step": 0, "eval/episode": 0, "eval/total_time": 16.53403091430664, "_timestamp": 1747058382.5965958, "_runtime": 21.799282789230347, "_step": 1000, "train/episode_reward": 294.177978515625, "train/episode_success": 0.0, "train/step": 1000, "train/episode": 9, "train/total_time": 16.916499614715576, "_wandb": {"runtime": 52}}