{"eval/episode_reward": 0.8095062375068665, "eval/episode_success": 0.0, "eval/step": 0, "eval/episode": 0, "eval/total_time": 9.350740194320679, "_timestamp": 1745131789.3681107, "_runtime": 12.606682538986206, "_step": 2500, "train/episode_reward": 9.651081085205078, "train/episode_success": 0.0, "train/step": 2500, "train/episode": 4, "train/total_time": 9.624791383743286, "_wandb": {"runtime": 11}}