{"eval/episode_reward": 317.9283142089844, "eval/episode_success": 0.0, "eval/step": 0, "eval/episode": 0, "eval/total_time": 1.524345874786377, "_timestamp": 1745303728.6746953, "_runtime": 4.878535270690918, "_step": 1000, "train/episode_reward": 361.0516662597656, "train/episode_success": 0.0, "train/step": 1000, "train/episode": 9, "train/total_time": 1.9191555976867676, "_wandb": {"runtime": 3}}