{"eval/episode_reward": 295.4504089355469, "eval/episode_success": 0.0, "eval/step": 0, "eval/episode": 0, "eval/total_time": 34.547576904296875, "_timestamp": 1745945126.5107934, "_runtime": 743.909749507904, "_step": 4600, "train/episode_reward": 136.76206970214844, "train/episode_success": 0.0, "train/step": 4600, "train/episode": 45, "train/total_time": 724.8565332889557, "train/reward_loss": 0.1336906999349594, "train/value_loss": 0.006014001555740833, "train/consistency_loss": 1.564395279274322e-05, "train/model_loss": 0.014126909896731377, "train/pi_loss": 0.11352275311946869, "_wandb": {"runtime": 731}}