{"eval/episode_reward": 0.8095062375068665, "eval/episode_success": 0.0, "eval/step": 0, "eval/episode": 0, "eval/total_time": 9.277116775512695, "_timestamp": 1745162028.150978, "_runtime": 14.924990177154541, "_step": 2500, "train/episode_reward": 10.940177917480469, "train/episode_success": 0.0, "train/step": 2500, "train/episode": 4, "train/total_time": 9.546346187591553, "_wandb": {"runtime": 10}}