{"eval/episode_reward": 115.15782165527344, "eval/episode_success": 0.0, "eval/step": 0, "eval/episode": 0, "eval/total_time": 42.68515992164612, "_timestamp": 1746856588.5207777, "_runtime": 46.5514657497406, "_step": 1000, "train/episode_reward": 361.0516662597656, "train/episode_success": 0.0, "train/step": 1000, "train/episode": 9, "train/total_time": 43.08436942100525, "_wandb": {"runtime": 96}}