{"eval/episode_reward": 0.8095062375068665, "eval/episode_success": 0.0, "eval/step": 0, "eval/episode": 0, "eval/total_time": 9.548165321350098, "_timestamp": 1745129934.9186893, "_runtime": 14.878509283065796, "_step": 2500, "train/episode_reward": 6.852169990539551, "train/episode_success": 0.0, "train/step": 2500, "train/episode": 4, "train/total_time": 9.827396392822266, "_wandb": {"runtime": 12}}