{"eval/episode_reward": 314.9434814453125, "eval/episode_success": 0.0, "eval/step": 0, "eval/episode": 0, "eval/total_time": 38.55380129814148, "_timestamp": 1746699662.4551313, "_runtime": 43.9760901927948, "_step": 1000, "train/episode_reward": 361.0516662597656, "train/episode_success": 0.0, "train/step": 1000, "train/episode": 9, "train/total_time": 38.952486515045166, "_wandb": {"runtime": 40}}