{"eval/episode_reward": 355.29522705078125, "eval/episode_success": 0.0, "eval/step": 0, "eval/episode": 0, "eval/total_time": 46.61002850532532, "_timestamp": 1746759921.0678184, "_runtime": 50.46936750411987, "_step": 1000, "train/episode_reward": 361.0516662597656, "train/episode_success": 0.0, "train/step": 1000, "train/episode": 9, "train/total_time": 47.01159143447876, "_wandb": {"runtime": 48}}