{"eval/episode_reward": 115.15782165527344, "eval/episode_success": 0.0, "eval/step": 0, "eval/episode": 0, "eval/total_time": 42.989096879959106, "_timestamp": 1746877010.0666258, "_runtime": 2048.7649908065796, "_step": 15600, "train/episode_reward": 891.949462890625, "train/episode_success": 0.0, "train/step": 15600, "train/episode": 155, "train/total_time": 2005.8358120918274, "train/reward_loss": 0.638089120388031, "train/value_loss": 0.5925977230072021, "train/consistency_loss": 2.195254637626931e-05, "train/model_loss": 0.12328820675611496, "train/pi_loss": -0.3655366599559784, "train/pi_entropy": 2.7390568256378174, "train/pi_scaled_entropy": 10.95622730255127, "train/pi_q": 1.2903770208358765, "train/pi_scale": 44.931297302246094, "_wandb": {"runtime": 2007}}