{"eval/episode_reward": 329.9529724121094, "eval/episode_success": 0.0, "eval/step": 0, "eval/episode": 0, "eval/total_time": 46.10337710380554, "_timestamp": 1746783533.115625, "_runtime": 49.90647792816162, "_step": 1000, "train/episode_reward": 361.0516662597656, "train/episode_success": 0.0, "train/step": 1000, "train/episode": 9, "train/total_time": 46.50424289703369, "_wandb": {"runtime": 47}}