{"eval/episode_reward": 0.7665198445320129, "eval/episode_success": 0.0, "eval/step": 0, "eval/episode": 0, "eval/total_time": 7.915638208389282, "_timestamp": 1745108198.4962692, "_runtime": 11.586165189743042, "_step": 2500, "train/episode_reward": 4.128372669219971, "train/episode_success": 0.0, "train/step": 2500, "train/episode": 4, "train/total_time": 8.213121891021729, "_wandb": {"runtime": 16}}