{"eval/episode_reward": 0.0, "eval/episode_success": 0.0, "eval/step": 0, "eval/episode": 0, "eval/total_time": 16.676563262939453, "_timestamp": 1746673070.2059982, "_runtime": 20.422287225723267, "_step": 1000, "train/episode_reward": 361.0516662597656, "train/episode_success": 0.0, "train/step": 1000, "train/episode": 9, "train/total_time": 17.077945232391357, "_wandb": {"runtime": 18}}