{"eval/episode_reward": 329.7388610839844, "eval/episode_success": 0.0, "eval/step": 0, "eval/episode": 0, "eval/total_time": 47.02843260765076, "_timestamp": 1746779399.3708084, "_runtime": 1451.6259233951569, "_step": 10000, "train/episode_reward": 385.1557312011719, "train/episode_success": 0.0, "train/step": 10000, "train/episode": 99, "train/total_time": 1384.5198483467102, "train/reward_loss": 0.5915269255638123, "train/value_loss": 0.0715394988656044, "train/consistency_loss": 1.1261347026447766e-05, "train/model_loss": 0.06641925871372223, "train/pi_loss": -546.4615478515625, "train/alpha": 20.140457153320312, "train/entropy": 13.675755500793457, "_wandb": {"runtime": 1391}}