{"eval/episode_reward": 326.2239990234375, "eval/episode_success": 0.0, "eval/step": 0, "eval/episode": 0, "eval/total_time": 44.4909873008728, "_timestamp": 1745922533.3528485, "_runtime": 2521.8931934833527, "_step": 18100, "train/episode_reward": 587.689208984375, "train/episode_success": 0.0, "train/step": 18100, "train/episode": 180, "train/total_time": 2482.3599886894226, "train/reward_loss": 0.24392418563365936, "train/value_loss": 0.018073976039886475, "train/consistency_loss": 3.061636562051717e-06, "train/model_loss": 0.026230432093143463, "train/pi_loss": -0.04897043853998184, "_wandb": {"runtime": 2484}}