{"eval/episode_reward": 0.8095062375068665, "eval/episode_success": 0.0, "eval/step": 0, "eval/episode": 0, "eval/total_time": 9.452712774276733, "_timestamp": 1745131654.3582163, "_runtime": 15.385905265808105, "_step": 2500, "train/episode_reward": 6.544490337371826, "train/episode_success": 0.0, "train/step": 2500, "train/episode": 4, "train/total_time": 9.722784996032715, "_wandb": {"runtime": 12}}