{"eval/episode_reward": 317.9283142089844, "eval/episode_success": 0.0, "eval/step": 0, "eval/episode": 0, "eval/total_time": 2.032785654067993, "_timestamp": 1745293590.243253, "_runtime": 26.872138023376465, "_step": 1000, "train/episode_reward": 361.0516662597656, "train/episode_success": 0.0, "train/step": 1000, "train/episode": 9, "train/total_time": 2.4256956577301025, "_wandb": {"runtime": 3}}