{"eval/episode_reward": 794.5718383789062, "eval/episode_success": 0.0, "eval/step": 40000, "eval/episode": 399, "eval/total_time": 4531.4132697582245, "_timestamp": 1745891140.2777593, "_runtime": 5224.754227399826, "_step": 46100, "train/episode_reward": 933.7780151367188, "train/episode_success": 0.0, "train/step": 46100, "train/episode": 460, "train/total_time": 5214.0024490356445, "train/policy_loss": 1.1213659048080444, "train/reward_loss": 0.3237658441066742, "train/value_loss": 0.019268343225121498, "train/consistency_loss": 2.164338729926385e-05, "train/total_loss": 0.09927301853895187, "_wandb": {"runtime": 5225}}