{"eval/episode_reward": 295.4504089355469, "eval/episode_success": 0.0, "eval/step": 0, "eval/episode": 0, "eval/total_time": 34.17574858665466, "_timestamp": 1745947696.259676, "_runtime": 734.8454148769379, "_step": 5800, "train/episode_reward": 341.6680603027344, "train/episode_success": 0.0, "train/step": 5800, "train/episode": 57, "train/total_time": 729.5903718471527, "train/reward_loss": 0.6802133321762085, "train/value_loss": 0.09516610205173492, "train/consistency_loss": 2.67920455598869e-07, "train/model_loss": 0.07754062861204147, "train/pi_loss": 0.00030965785845182836, "train/bc_loss": 0.0, "train/adv_mean": -0.5614194869995117, "train/adv_std": 0.18534894287586212}