{"eval/episode_reward": 242.0946807861328, "eval/episode_success": 0.0, "eval/step": 0, "eval/episode": 0, "eval/total_time": 1.4610912799835205, "_timestamp": 1745286715.7089336, "_runtime": 4.84960150718689, "_step": 1000, "train/episode_reward": 361.0516662597656, "train/episode_success": 0.0, "train/step": 1000, "train/episode": 9, "train/total_time": 1.8398146629333496, "_wandb": {"runtime": 35}}