{"eval/episode_reward": 279.42144775390625, "eval/episode_success": 0.0, "eval/step": 0, "eval/episode": 0, "eval/total_time": 16.170422554016113, "_timestamp": 1747038846.4617717, "_runtime": 975.8462607860565, "_step": 12900, "train/episode_reward": 1728.6263427734375, "train/episode_success": 1.0, "train/step": 12900, "train/episode": 128, "train/total_time": 971.2032253742218, "train/reward_loss": 0.6280226707458496, "train/value_loss": 0.7404603958129883, "train/consistency_loss": 1.2174220955785131e-06, "train/total_loss": 0.13687264919281006, "train/grad_norm": 27.154829025268555, "train/pi_loss": -0.11752305924892426, "train/pi_grad_norm": 0.015614238567650318, "train/pi_entropy": -33.26116180419922, "train/pi_scaled_entropy": 37.83415985107422, "train/pi_q": 0.19773095846176147, "train/pi_scale": 1.0, "_wandb": {"runtime": 977}}