{"eval/episode_reward": 317.9283142089844, "eval/episode_success": 0.0, "eval/step": 0, "eval/episode": 0, "eval/total_time": 1.3837425708770752, "_timestamp": 1745302606.303589, "_runtime": 5.562547206878662, "_step": 1000, "train/episode_reward": 361.0516662597656, "train/episode_success": 0.0, "train/step": 1000, "train/episode": 9, "train/total_time": 1.7753970623016357, "_wandb": {"runtime": 3}}