{"eval/episode_reward": 277.5655212402344, "eval/episode_success": 0.0, "eval/step": 0, "eval/episode": 0, "eval/total_time": 16.641587257385254, "_timestamp": 1747063169.691206, "_runtime": 20.754133939743042, "_step": 1000, "train/episode_reward": 294.177978515625, "train/episode_success": 0.0, "train/step": 1000, "train/episode": 9, "train/total_time": 17.035540342330933, "_wandb": {"runtime": 18}}