{"eval/episode_reward": 277.5655212402344, "eval/episode_success": 0.0, "eval/step": 0, "eval/episode": 0, "eval/total_time": 16.353625535964966, "_timestamp": 1747058784.8119903, "_runtime": 92.54729914665222, "_step": 1100, "train/episode_reward": 212.11949157714844, "train/episode_success": 0.0, "train/step": 1100, "train/episode": 10, "train/total_time": 86.5473461151123, "_wandb": {"runtime": 94}, "train/reward_loss": 0.7390304803848267, "train/value_loss": 0.6620110273361206, "train/consistency_loss": 1.5720800661256362e-07, "train/total_loss": 0.14010728895664215, "train/grad_norm": 5.166589260101318, "train/pi_loss": -0.0004987323773093522, "train/pi_grad_norm": 0.0030710988212376833, "train/pi_entropy": -16.104270935058594, "train/pi_scaled_entropy": 31.795339584350586, "train/pi_scale": 1.0}