{"eval/episode_reward": 157.63502502441406, "eval/episode_success": 0.0, "eval/step": 0, "eval/episode": 0, "eval/total_time": 52.07233762741089, "_timestamp": 1746885252.2981267, "_runtime": 580.4375536441803, "_step": 3900, "train/episode_reward": 106.10026550292969, "train/episode_success": 0.0, "train/step": 3900, "train/episode": 38, "train/total_time": 567.7189464569092, "train/reward_loss": 0.5977259874343872, "train/value_loss": 0.7506915926933289, "train/consistency_loss": 6.187223675624409e-07, "train/total_loss": 0.13484793901443481, "train/grad_norm": 4.813309192657471, "train/pi_loss": -0.14655783772468567, "train/pi_entropy": -25.623859405517578, "train/pi_scaled_entropy": 22.58561134338379, "train/pi_q": 0.5150952339172363, "train/pi_scale": 1.0, "_wandb": {"runtime": 580}}