{"eval/episode_reward": 369.04986572265625, "eval/episode_success": 0.0, "eval/step": 0, "eval/episode": 0, "eval/total_time": 2.7340328693389893, "_timestamp": 1745897029.0557146, "_runtime": 6.57143759727478, "_step": 1000, "train/episode_reward": 361.0516662597656, "train/episode_success": 0.0, "train/step": 1000, "train/episode": 9, "train/total_time": 3.1402673721313477, "_wandb": {"runtime": 4}}