{"eval/episode_reward": 295.4504089355469, "eval/episode_success": 0.0, "eval/step": 0, "eval/episode": 0, "eval/total_time": 33.264034271240234, "_timestamp": 1746694902.2870617, "_runtime": 1239.4389567375183, "_step": 9800, "train/episode_reward": 841.5084228515625, "train/episode_success": 0.0, "train/step": 9800, "train/episode": 97, "train/total_time": 1235.133552789688, "train/reward_loss": 1.036444902420044, "train/value_loss": 0.2143581211566925, "train/consistency_loss": 5.8081634051632136e-05, "train/model_loss": 0.12566111981868744, "train/pi_loss": 0.03561406582593918, "train/adv_mean": -0.7318322658538818, "train/adv_std": 0.2454240769147873, "_wandb": {"runtime": 1246}}