{"eval/episode_reward": 143.7968292236328, "eval/episode_success": 0.3, "eval/step": 0, "eval/episode": 0, "eval/total_time": 23.384077072143555, "_timestamp": 1745467146.5233817, "_runtime": 26.905319690704346, "_step": 1000, "train/episode_reward": 163.25149536132812, "train/episode_success": 0.0, "train/step": 1000, "train/episode": 9, "train/total_time": 23.972970962524414, "_wandb": {"runtime": 25}}