{"eval/episode_reward": 320.4560241699219, "eval/episode_success": 0.0, "eval/step": 0, "eval/episode": 0, "eval/total_time": 33.6223680973053, "_timestamp": 1746707484.8100097, "_runtime": 37.64585781097412, "_step": 1000, "train/episode_reward": 361.0516662597656, "train/episode_success": 0.0, "train/step": 1000, "train/episode": 9, "train/total_time": 34.021113872528076, "_wandb": {"runtime": 35}}