{"eval/episode_reward": 60.88805389404297, "eval/episode_success": 0.0, "eval/step": 0, "eval/episode": 0, "eval/total_time": 37.51903581619263, "_timestamp": 1747196640.0903773, "_runtime": 662.1029872894287, "_step": 6400, "train/episode_reward": 856.684814453125, "train/episode_success": 0.0, "train/step": 6400, "train/episode": 63, "train/total_time": 658.9502334594727, "train/reward_loss": 0.6574625968933105, "train/value_loss": 0.6615122556686401, "train/consistency_loss": 3.0898647196409e-08, "train/total_loss": 0.13189809024333954, "train/grad_norm": 6.9792280197143555, "train/pi_loss": -2.4272583686979488e-05, "train/pi_grad_norm": 0.006721926387399435, "train/pi_entropy": -33.47178268432617, "train/pi_scaled_entropy": 32.3489990234375, "train/pi_scale": 1.0, "_wandb": {"runtime": 662}}