{"eval/episode_reward": 143.7968292236328, "eval/episode_success": 0.3, "eval/step": 0, "eval/episode": 0, "eval/total_time": 24.17970299720764, "_timestamp": 1745469291.8456721, "_runtime": 27.795084238052368, "_step": 1000, "train/episode_reward": 163.25149536132812, "train/episode_success": 0.0, "train/step": 1000, "train/episode": 9, "train/total_time": 24.764413595199585, "_wandb": {"runtime": 25}}