{"eval/episode_reward": 170.63516235351562, "eval/episode_success": 0.0, "eval/step": 0, "eval/episode": 0, "eval/total_time": 42.21869969367981, "_timestamp": 1746888154.5427635, "_runtime": 1284.152405500412, "_step": 9700, "train/episode_reward": 1175.4898681640625, "train/episode_success": 0.0, "train/step": 9700, "train/episode": 96, "train/total_time": 1278.9132323265076, "train/reward_loss": 0.6159223318099976, "train/value_loss": 0.6404933333396912, "train/consistency_loss": 2.5516080768284155e-06, "train/total_loss": 0.12566708028316498, "train/grad_norm": 13.598465919494629, "train/pi_loss": -0.08053328096866608, "train/pi_entropy": -16.758289337158203, "train/pi_scaled_entropy": -17.92923355102539, "train/pi_q": 0.2857106626033783, "train/pi_scale": 0.09750961512327194, "_wandb": {"runtime": 1281}}