{"eval/episode_reward": 0.8095062375068665, "eval/episode_success": 0.0, "eval/step": 0, "eval/episode": 0, "eval/total_time": 9.91033124923706, "_timestamp": 1745169560.9465454, "_runtime": 16.878648281097412, "_step": 2500, "train/episode_reward": 12.237863540649414, "train/episode_success": 0.0, "train/step": 2500, "train/episode": 4, "train/total_time": 10.191919803619385, "_wandb": {"runtime": 35}}