{"eval/episode_reward": 329.6656188964844, "eval/episode_success": 0.0, "eval/step": 0, "eval/episode": 0, "eval/total_time": 91.5879921913147, "_timestamp": 1745925356.3905518, "_runtime": 2358.4705657958984, "_step": 10800, "train/episode_reward": 218.48004150390625, "train/episode_success": 0.0, "train/step": 10800, "train/episode": 107, "train/total_time": 2355.128871202469, "train/reward_loss": 0.5375983119010925, "train/value_loss": 0.08650803565979004, "train/consistency_loss": 2.3473896249015525e-07, "train/model_loss": 0.05283232778310776, "train/pi_loss": -0.009762140922248363, "_wandb": {"runtime": 2368}}