{"eval/episode_reward": 0.0, "eval/episode_success": 0.0, "eval/step": 0, "eval/episode": 0, "eval/total_time": 17.7195987701416, "_timestamp": 1746675484.8738513, "_runtime": 160.70619821548462, "_step": 1400, "train/episode_reward": 0.0, "train/episode_success": 0.0, "train/step": 1400, "train/episode": 13, "train/total_time": 156.62497353553772, "train/reward_loss": 0.5538507699966431, "train/value_loss": 0.05735786631703377, "train/consistency_loss": 1.0058510042654234e-06, "train/model_loss": 0.06113092601299286, "train/pi_loss": 0.008582765236496925, "train/bc_loss": 0.00016779633006080985, "train/adv_mean": -0.37419191002845764, "train/adv_std": 0.06945138424634933, "_wandb": {"runtime": 158}}