{"eval/episode_reward": 314.9434814453125, "eval/episode_success": 0.0, "eval/step": 0, "eval/episode": 0, "eval/total_time": 39.12650203704834, "_timestamp": 1746696948.9842784, "_runtime": 43.310269355773926, "_step": 1000, "train/episode_reward": 361.0516662597656, "train/episode_success": 0.0, "train/step": 1000, "train/episode": 9, "train/total_time": 39.53238868713379, "_wandb": {"runtime": 40}}