{"eval/episode_reward": 0.7665198445320129, "eval/episode_success": 0.0, "eval/step": 0, "eval/episode": 0, "eval/total_time": 7.967848062515259, "_timestamp": 1745105672.2066205, "_runtime": 10.974343538284302, "_step": 2500, "train/episode_reward": 6.37168550491333, "train/episode_success": 0.0, "train/step": 2500, "train/episode": 4, "train/total_time": 8.257426261901855, "_wandb": {"runtime": 11}}