{"eval/episode_reward": 47.90154266357422, "eval/episode_success": 0.0, "eval/step": 5000, "eval/episode": 49, "eval/total_time": 3066.418487548828, "_timestamp": 1745481969.3783994, "_runtime": 3069.5346274375916, "_step": 5000, "train/episode_reward": 18.4686279296875, "train/episode_success": 0.0, "train/step": 5000, "train/episode": 49, "train/total_time": 3066.419875383377, "train/policy_loss": 14.105453491210938, "train/reward_loss": 0.9741714596748352, "train/value_loss": 1.0258092880249023, "train/consistency_loss": 0.0, "train/total_loss": 0.3552800118923187, "_wandb": {"runtime": 3067}}