{"eval/episode_reward": 3.8770968914031982, "eval/episode_success": 0.0, "eval/step": 100000, "eval/episode": 199, "eval/total_time": 11951.798758029938, "_timestamp": 1747211554.9073079, "_runtime": 14060.957957744598, "_step": 119500, "train/episode_reward": 11.28760051727295, "train/episode_success": 0.0, "train/step": 119500, "train/episode": 238, "train/total_time": 14056.96967458725, "train/reward_loss": 0.14695023000240326, "train/value_loss": 1.2576439380645752, "train/consistency_loss": 0.0001716997940093279, "train/total_loss": 0.08101122081279755, "train/grad_norm": 0.1671075075864792, "train/pi_loss": -0.01024033222347498, "train/pi_grad_norm": 0.0006655983743257821, "train/pi_entropy": -390.5791015625, "train/pi_scaled_entropy": 4940.6875, "train/pi_scale": 1.0000059604644775, "_wandb": {"runtime": 14063}}