{"eval/episode_reward": 125.42936706542969, "eval/episode_success": 0.0, "eval/step": 0, "eval/episode": 0, "eval/total_time": 47.22932553291321, "_timestamp": 1746815494.5345943, "_runtime": 425.8545663356781, "_step": 3000, "train/episode_reward": 395.274169921875, "train/episode_success": 0.0, "train/step": 3000, "train/episode": 29, "train/total_time": 421.5677409172058, "train/reward_loss": 0.7735216021537781, "train/value_loss": 0.576639711856842, "train/consistency_loss": 5.205428351473529e-06, "train/model_loss": 0.13506817817687988, "train/pi_loss": -0.34365546703338623, "train/pi_entropy": 2.735835075378418, "train/pi_scaled_entropy": 10.943340301513672, "train/pi_q": 1.208390712738037, "train/pi_scale": 43.53832244873047, "_wandb": {"runtime": 435}}