{"eval/episode_reward": 0.8168090581893921, "eval/episode_success": 0.0, "eval/step": 0, "eval/episode": 0, "eval/total_time": 9.395397424697876, "_timestamp": 1745170880.5564895, "_runtime": 12.465554475784302, "_step": 2500, "train/episode_reward": 2.9810261726379395, "train/episode_success": 0.0, "train/step": 2500, "train/episode": 4, "train/total_time": 9.672425508499146, "_wandb": {"runtime": 16}}