{"eval/episode_reward": 295.4504089355469, "eval/episode_success": 0.0, "eval/step": 0, "eval/episode": 0, "eval/total_time": 33.124518156051636, "_timestamp": 1746672822.402439, "_runtime": 677.8738992214203, "_step": 5300, "train/episode_reward": 114.87662506103516, "train/episode_success": 0.0, "train/step": 5300, "train/episode": 52, "train/total_time": 674.1939523220062, "train/reward_loss": 0.17072537541389465, "train/value_loss": 0.010215457528829575, "train/consistency_loss": 1.3717374258703785e-06, "train/model_loss": 0.01810779981315136, "train/pi_loss": 0.007877660915255547, "train/bc_loss": 0.0, "train/adv_mean": -0.33110347390174866, "train/adv_std": 0.1511286348104477, "_wandb": {"runtime": 678}}