{"eval/episode_reward": 277.5655212402344, "eval/episode_success": 0.0, "eval/step": 0, "eval/episode": 0, "eval/total_time": 16.680569887161255, "_timestamp": 1747143629.1385968, "_runtime": 21.105945825576782, "_step": 1000, "train/episode_reward": 294.177978515625, "train/episode_success": 0.0, "train/step": 1000, "train/episode": 9, "train/total_time": 17.06765389442444, "_wandb": {"runtime": 18}}