{"eval/episode_reward": 82.24983978271484, "eval/episode_success": 0.0, "eval/step": 0, "eval/episode": 0, "eval/total_time": 23.017704010009766, "_timestamp": 1745678888.4017434, "_runtime": 2743.5269503593445, "_step": 3800, "train/episode_reward": 158.9034423828125, "train/episode_success": 0.0, "train/step": 3800, "train/episode": 37, "train/total_time": 2740.3902451992035, "train/policy_loss": 11.731475830078125, "train/reward_loss": 2.1487550735473633, "train/value_loss": 0.41051000356674194, "train/consistency_loss": 0.007480984088033438, "train/total_loss": 0.4067193269729614, "_wandb": {"runtime": 2836}}