{"eval/episode_reward": 80.11089324951172, "eval/episode_success": 0.0, "eval/step": 0, "eval/episode": 0, "eval/total_time": 48.371407985687256, "_timestamp": 1745679219.5942078, "_runtime": 412.4973156452179, "_step": 1600, "train/episode_reward": 261.3245544433594, "train/episode_success": 0.0, "train/step": 1600, "train/episode": 15, "train/total_time": 408.72608971595764, "train/policy_loss": 11.920297622680664, "train/reward_loss": 2.1394033432006836, "train/value_loss": 0.033631157130002975, "train/consistency_loss": 0.014259394258260727, "train/total_loss": 0.36108943819999695, "_wandb": {"runtime": 417}}