{"videos/eval_video": {"_type": "video-file", "sha256": "655fc31265051ae8c8247f47611f913d945b6f6d411e42f092feefb0642854ba", "size": 783476, "path": "media/videos/videos/eval_video_4500_655fc31265051ae8c824.mp4", "width": 384, "height": 384}, "_timestamp": 1745417206.202833, "eval/episode_reward": 25.297155380249023, "eval/episode_success": 0.0, "eval/step": 0, "eval/episode": 0, "eval/total_time": 1778.7425289154053, "_runtime": 7862.858269929886, "_step": 5000, "train/episode_reward": 28.704105377197266, "train/episode_success": 0.0, "train/step": 4500, "train/episode": 8, "train/total_time": 7049.764929533005, "train/reward_loss": 0.0009486356866545975, "train/value_loss": 0.2469104826450348, "train/consistency_loss": 0.00010823149932548404, "train/loss": -0.3164369463920593, "_wandb": {"runtime": 8834}}