{"eval/episode_reward": 115.15782165527344, "eval/episode_success": 0.0, "eval/step": 0, "eval/episode": 0, "eval/total_time": 42.479593992233276, "_timestamp": 1746846080.9448187, "_runtime": 46.33344578742981, "_step": 1000, "train/episode_reward": 361.0516662597656, "train/episode_success": 0.0, "train/step": 1000, "train/episode": 9, "train/total_time": 42.8674693107605, "_wandb": {"runtime": 44}}