{"eval/episode_reward": 157.63502502441406, "eval/episode_success": 0.0, "eval/step": 0, "eval/episode": 0, "eval/total_time": 49.53688144683838, "_timestamp": 1746879662.7233863, "_runtime": 54.0310492515564, "_step": 1000, "train/episode_reward": 361.0516662597656, "train/episode_success": 0.0, "train/step": 1000, "train/episode": 9, "train/total_time": 49.92194056510925, "_wandb": {"runtime": 51}}