{"eval/episode_reward": 0.8095062375068665, "eval/episode_success": 0.0, "eval/step": 0, "eval/episode": 0, "eval/total_time": 9.712400674819946, "_timestamp": 1745161237.7013924, "_runtime": 13.722432374954224, "_step": 2500, "train/episode_reward": 4.471449375152588, "train/episode_success": 0.0, "train/step": 2500, "train/episode": 4, "train/total_time": 9.987090110778809, "_wandb": {"runtime": 11}}