{"eval/episode_reward": 329.9529724121094, "eval/episode_success": 0.0, "eval/step": 0, "eval/episode": 0, "eval/total_time": 45.91538119316101, "_timestamp": 1746781288.705346, "_runtime": 1286.6448822021484, "_step": 9300, "train/episode_reward": 383.1535949707031, "train/episode_success": 0.0, "train/step": 9300, "train/episode": 92, "train/total_time": 1283.26500582695, "train/reward_loss": 0.6964249014854431, "train/value_loss": 0.09541919827461243, "train/consistency_loss": 2.7981286621070467e-05, "train/model_loss": 0.07946422696113586, "train/pi_loss": -11.285930633544922, "train/alpha": 1.0, "train/entropy": 5.675754070281982, "_wandb": {"runtime": 1288}}