{"eval/episode_reward": 277.5655212402344, "eval/episode_success": 0.0, "eval/step": 0, "eval/episode": 0, "eval/total_time": 17.469065189361572, "_timestamp": 1747143031.3953369, "_runtime": 632.4929468631744, "_step": 8400, "train/episode_reward": 425.5291442871094, "train/episode_success": 0.0, "train/step": 8400, "train/episode": 83, "train/total_time": 629.4547920227051, "train/reward_loss": 0.7102686762809753, "train/value_loss": 0.8007672429084778, "train/consistency_loss": 1.1341881389625996e-07, "train/total_loss": 0.1511058509349823, "train/grad_norm": 26.19256591796875, "train/pi_loss": -0.11485965549945831, "train/pi_grad_norm": 1.7339970099783386e-06, "train/pi_entropy": -20.15625762939453, "train/pi_scaled_entropy": 54.547027587890625, "train/pi_scale": 1.0, "_wandb": {"runtime": 630}}