{"eval/episode_reward": 328.60589599609375, "eval/episode_success": 0.0, "eval/step": 0, "eval/episode": 0, "eval/total_time": 48.0046603679657, "_timestamp": 1746795591.0207367, "_runtime": 520.3796947002411, "_step": 3700, "train/episode_reward": 347.3895568847656, "train/episode_success": 0.0, "train/step": 3700, "train/episode": 36, "train/total_time": 517.1465933322906, "train/reward_loss": 0.265178382396698, "train/value_loss": 0.00858257431536913, "train/consistency_loss": 3.9703674701740965e-05, "train/model_loss": 0.02777313068509102, "train/pi_loss": 0.07435639202594757, "train/pi_entropy": 10.709466934204102, "train/pi_q": -0.2627738118171692, "_wandb": {"runtime": 528}}