step,episode_reward
0.0,188.18191528320312
20000.0,177.51416015625
40000.0,182.88458251953125
60000.0,187.09432983398438
