{"eval/episode_reward": 143.7968292236328, "eval/episode_success": 0.3, "eval/step": 0, "eval/episode": 0, "eval/total_time": 26.130209922790527, "_timestamp": 1745468444.932585, "_runtime": 29.57551097869873, "_step": 1000, "train/episode_reward": 163.25149536132812, "train/episode_success": 0.0, "train/step": 1000, "train/episode": 9, "train/total_time": 26.722956657409668, "_wandb": {"runtime": 28}}