{"eval/episode_reward": 143.7968292236328, "eval/episode_success": 0.3, "eval/step": 0, "eval/episode": 0, "eval/total_time": 24.287993907928467, "_timestamp": 1745478139.6258056, "_runtime": 28.21390962600708, "_step": 1000, "train/episode_reward": 163.25149536132812, "train/episode_success": 0.0, "train/step": 1000, "train/episode": 9, "train/total_time": 24.872425317764282, "_wandb": {"runtime": 25}}