{"eval/episode_reward": 155.62936401367188, "eval/episode_success": 0.0, "eval/step": 0, "eval/episode": 0, "eval/total_time": 195.3444755077362, "_timestamp": 1745810447.6076617, "_runtime": 199.21105670928955, "_step": 1000, "train/episode_reward": 361.0516662597656, "train/episode_success": 0.0, "train/step": 1000, "train/episode": 9, "train/total_time": 195.75676584243774, "_wandb": {"runtime": 589}}