{"eval/episode_reward": 0.6881855726242065, "eval/episode_success": 0.0, "eval/step": 0, "eval/episode": 0, "eval/total_time": 4.867501258850098, "_timestamp": 1745001301.7727294, "_runtime": 7.513617515563965, "_step": 2500, "train/episode_reward": 6.0546770095825195, "train/episode_success": 0.0, "train/step": 2500, "train/episode": 4, "train/total_time": 5.156858205795288, "_wandb": {"runtime": 7}}