{"eval/episode_reward": 35.595272064208984, "eval/episode_success": 0.0, "eval/step": 0, "eval/episode": 0, "eval/total_time": 812.4484114646912, "_timestamp": 1745312567.4159117, "_runtime": 816.0991866588593, "_step": 2500, "train/episode_reward": 33.35719299316406, "train/episode_success": 0.0, "train/step": 2500, "train/episode": 4, "train/total_time": 813.0445454120636, "_wandb": {"runtime": 960}}