{"eval/episode_reward": 143.7968292236328, "eval/episode_success": 0.3, "eval/step": 0, "eval/episode": 0, "eval/total_time": 24.41907787322998, "_timestamp": 1745475716.9697764, "_runtime": 28.14660334587097, "_step": 1000, "train/episode_reward": 163.25149536132812, "train/episode_success": 0.0, "train/step": 1000, "train/episode": 9, "train/total_time": 24.998480796813965, "_wandb": {"runtime": 26}}