{"eval/episode_reward": 314.9434814453125, "eval/episode_success": 0.0, "eval/step": 0, "eval/episode": 0, "eval/total_time": 38.85003471374512, "_timestamp": 1746704292.6894898, "_runtime": 1285.0990948677063, "_step": 9600, "train/episode_reward": 403.25482177734375, "train/episode_success": 0.0, "train/step": 9600, "train/episode": 95, "train/total_time": 1281.6675419807434, "train/reward_loss": 0.2981278896331787, "train/value_loss": 0.01847088895738125, "train/consistency_loss": 8.507259963153047e-07, "train/model_loss": 0.03166838735342026, "train/pi_loss": -0.037197113037109375, "train/kl_loss": 4.492391781241167e-06, "train/adv_mean": -0.4253428280353546, "train/adv_std": 0.11968225240707397, "_wandb": {"runtime": 1290}}