{"eval/episode_reward": 170.63516235351562, "eval/episode_success": 0.0, "eval/step": 0, "eval/episode": 0, "eval/total_time": 43.86027431488037, "_timestamp": 1746889035.6978858, "_runtime": 770.838193655014, "_step": 5600, "train/episode_reward": 870.9644775390625, "train/episode_success": 0.0, "train/step": 5600, "train/episode": 55, "train/total_time": 767.2084619998932, "train/reward_loss": 0.7196632623672485, "train/value_loss": 0.7063891291618347, "train/consistency_loss": 6.502281166831381e-07, "train/total_loss": 0.14261174201965332, "train/grad_norm": 34.66769790649414, "train/pi_loss": 0.20196840167045593, "train/pi_entropy": -18.16999053955078, "train/pi_scaled_entropy": -21.410921096801758, "train/pi_q": -0.7165552377700806, "train/pi_scale": 0.0987882912158966, "_wandb": {"runtime": 774}}