{"eval/episode_reward": 133.75218200683594, "eval/episode_success": 0.4, "eval/step": 0, "eval/episode": 0, "eval/total_time": 26.043940544128418, "_timestamp": 1745459667.8974545, "_runtime": 35.05353260040283, "_step": 1000, "train/episode_reward": 163.25149536132812, "train/episode_success": 0.0, "train/step": 1000, "train/episode": 9, "train/total_time": 26.627752780914307, "_wandb": {"runtime": 29}}