{"eval/episode_reward": 51.23375701904297, "eval/episode_success": 0.0, "eval/step": 0, "eval/episode": 0, "eval/total_time": 22.75347328186035, "_timestamp": 1747191734.9802134, "_runtime": 369.82227540016174, "_step": 4400, "train/episode_reward": 1676.116943359375, "train/episode_success": 0.0, "train/step": 4400, "train/episode": 43, "train/total_time": 366.5927596092224, "train/reward_loss": 0.6601771116256714, "train/value_loss": 0.6598137617111206, "train/consistency_loss": 5.059639462956511e-08, "train/total_loss": 0.13200010359287262, "train/grad_norm": 7.443352222442627, "train/pi_loss": 0.0005152526427991688, "train/pi_grad_norm": 0.01008603349328041, "train/pi_entropy": -37.68928146362305, "train/pi_scaled_entropy": 10.736730575561523, "train/pi_scale": 1.0, "_wandb": {"runtime": 371}}