{"eval/episode_reward": 143.7968292236328, "eval/episode_success": 0.3, "eval/step": 0, "eval/episode": 0, "eval/total_time": 24.15488576889038, "_timestamp": 1745474604.503854, "_runtime": 28.654098987579346, "_step": 1000, "train/episode_reward": 163.25149536132812, "train/episode_success": 0.0, "train/step": 1000, "train/episode": 9, "train/total_time": 24.739465475082397, "_wandb": {"runtime": 27}}