{"eval/episode_reward": 157.63502502441406, "eval/episode_success": 0.0, "eval/step": 0, "eval/episode": 0, "eval/total_time": 51.98472762107849, "_timestamp": 1746880776.5271378, "_runtime": 57.31526184082031, "_step": 1000, "train/episode_reward": 361.0516662597656, "train/episode_success": 0.0, "train/step": 1000, "train/episode": 9, "train/total_time": 52.3858380317688, "_wandb": {"runtime": 53}}