{"eval/episode_reward": 264.8678894042969, "eval/episode_success": 0.0, "eval/step": 0, "eval/episode": 0, "eval/total_time": 17.676777839660645, "_timestamp": 1747035997.6257374, "_runtime": 88.80829954147339, "_step": 1100, "train/episode_reward": 522.84130859375, "train/episode_success": 0.0, "train/step": 1100, "train/episode": 10, "train/total_time": 85.19234299659729, "_wandb": {"runtime": 92}, "train/reward_loss": 0.7569062113761902, "train/value_loss": 0.6805520057678223, "train/consistency_loss": 2.35240349866217e-07, "train/total_loss": 0.14375053346157074, "train/grad_norm": 4.780675888061523, "train/pi_loss": -0.06601682305335999, "train/pi_grad_norm": 0.45511534810066223, "train/pi_entropy": -26.587589263916016, "train/pi_scaled_entropy": 15.999293327331543, "train/pi_q": 0.11193376779556274, "train/pi_scale": 1.0}