{"eval/episode_reward": 295.4504089355469, "eval/episode_success": 0.0, "eval/step": 0, "eval/episode": 0, "eval/total_time": 33.78453803062439, "_timestamp": 1745943202.3000488, "_runtime": 1077.4091439247131, "_step": 8300, "train/episode_reward": 1095.4969482421875, "train/episode_success": 0.0, "train/step": 8300, "train/episode": 82, "train/total_time": 1072.7553095817566, "train/reward_loss": 0.7105301022529602, "train/value_loss": 0.07644214481115341, "train/consistency_loss": 3.086364131377195e-06, "train/model_loss": 0.078728087246418, "train/pi_loss": 0.2182917296886444, "_wandb": {"runtime": 1085}}