{"eval/episode_reward": 0.7947176694869995, "eval/episode_success": 0.0, "eval/step": 0, "eval/episode": 0, "eval/total_time": 5.346465587615967, "_timestamp": 1745003923.7824647, "_runtime": 7.707489728927612, "_step": 2500, "train/episode_reward": 11.930832862854004, "train/episode_success": 0.0, "train/step": 2500, "train/episode": 4, "train/total_time": 5.636580944061279, "_wandb": {"runtime": 14}}