{"eval/episode_reward": 291.0419616699219, "eval/episode_success": 0.0, "eval/step": 0, "eval/episode": 0, "eval/total_time": 17.492398977279663, "_timestamp": 1746675302.8880544, "_runtime": 833.2750113010406, "_step": 6900, "train/episode_reward": 248.40042114257812, "train/episode_success": 0.0, "train/step": 6900, "train/episode": 68, "train/total_time": 829.7046980857849, "train/reward_loss": 0.22542259097099304, "train/value_loss": 0.008338174782693386, "train/consistency_loss": 7.023425860097632e-05, "train/model_loss": 0.02407841756939888, "train/pi_loss": -0.02723604068160057, "train/bc_loss": 0.08631308376789093, "train/adv_mean": -0.333381325006485, "train/adv_std": 0.07742637395858765, "_wandb": {"runtime": 831}}