{"eval/episode_reward": 264.8678894042969, "eval/episode_success": 0.0, "eval/step": 0, "eval/episode": 0, "eval/total_time": 17.998064279556274, "_timestamp": 1747033632.5955622, "_runtime": 138.82277631759644, "_step": 1700, "train/episode_reward": 889.9613037109375, "train/episode_success": 0.0, "train/step": 1700, "train/episode": 16, "train/total_time": 133.41026663780212, "train/reward_loss": 0.7708739042282104, "train/value_loss": 0.868488609790802, "train/consistency_loss": 1.6170888557098806e-06, "train/total_loss": 0.16396859288215637, "train/grad_norm": 6.309053897857666, "train/pi_loss": -0.06577599048614502, "train/pi_grad_norm": 0.3753613531589508, "train/pi_entropy": -30.707311630249023, "train/pi_scaled_entropy": 18.58038902282715, "train/pi_q": 0.11049696803092957, "train/pi_scale": 1.0, "_wandb": {"runtime": 140}}