{"eval/episode_reward": 329.9529724121094, "eval/episode_success": 0.0, "eval/step": 0, "eval/episode": 0, "eval/total_time": 45.834989070892334, "_timestamp": 1746783451.2790082, "_runtime": 1413.5841631889343, "_step": 10800, "train/episode_reward": 266.0791931152344, "train/episode_success": 0.0, "train/step": 10800, "train/episode": 107, "train/total_time": 1410.0604166984558, "train/reward_loss": 0.6868227124214172, "train/value_loss": 0.10959261655807495, "train/consistency_loss": 1.0203199281022535e-06, "train/model_loss": 0.07965173572301865, "train/pi_loss": -0.009208080358803272, "train/pi_entropy": 13.67258358001709, "train/pi_q": 0.031242426484823227, "_wandb": {"runtime": 1424}}