{"eval/episode_reward": 395.114990234375, "eval/episode_success": 0.0, "eval/step": 0, "eval/episode": 0, "eval/total_time": 17.84563684463501, "_timestamp": 1745239849.2822843, "_runtime": 67270.56097126007, "_step": 2200, "train/episode_reward": 127.03823852539062, "train/episode_success": 0.0, "train/step": 2200, "train/episode": 21, "train/total_time": 67266.36937999725, "train/reward_loss": 27.502750396728516, "train/value_loss": 0.44494393467903137, "train/consistency_loss": 0.0, "train/loss": 27.947694778442383, "_wandb": {"runtime": 69179}}