{"eval/episode_reward": 82.13421630859375, "eval/episode_success": 0.0, "eval/step": 0, "eval/episode": 0, "eval/total_time": 18.29214334487915, "_timestamp": 1745649423.9532182, "_runtime": 520.6245672702789, "_step": 1900, "train/episode_reward": 130.3100128173828, "train/episode_success": 0.0, "train/step": 1900, "train/episode": 18, "train/total_time": 517.1423726081848, "train/policy_loss": 4.1332621574401855, "train/reward_loss": 1.5214242935180664, "train/value_loss": 6.390391826629639, "train/consistency_loss": 7.681908755330369e-06, "train/total_loss": 0.791748583316803, "_wandb": {"runtime": 551}}