{"eval/episode_reward": 279.42144775390625, "eval/episode_success": 0.0, "eval/step": 0, "eval/episode": 0, "eval/total_time": 16.286266803741455, "_timestamp": 1747039245.8551278, "_runtime": 212.85606169700623, "_step": 2800, "train/episode_reward": 132.70628356933594, "train/episode_success": 0.0, "train/step": 2800, "train/episode": 27, "train/total_time": 209.15453934669495, "train/reward_loss": 0.6855859160423279, "train/value_loss": 0.8158369660377502, "train/consistency_loss": 3.337722489504813e-07, "train/total_loss": 0.15014897286891937, "train/grad_norm": 1.4986428022384644, "train/pi_loss": -0.13552121818065643, "train/pi_grad_norm": 0.023824887350201607, "train/pi_entropy": -41.455657958984375, "train/pi_scaled_entropy": 48.57804489135742, "train/pi_q": 0.22779148817062378, "train/pi_scale": 1.0, "_wandb": {"runtime": 213}}