{"eval/episode_reward": 143.7968292236328, "eval/episode_success": 0.3, "eval/step": 0, "eval/episode": 0, "eval/total_time": 24.375062704086304, "_timestamp": 1745470798.1153467, "_runtime": 28.378623723983765, "_step": 1000, "train/episode_reward": 163.25149536132812, "train/episode_success": 0.0, "train/step": 1000, "train/episode": 9, "train/total_time": 24.9552001953125, "_wandb": {"runtime": 26}}