{"eval/episode_reward": 295.7561950683594, "eval/episode_success": 0.0, "eval/step": 0, "eval/episode": 0, "eval/total_time": 21.333280086517334, "_timestamp": 1745855763.100839, "_runtime": 1057.3857898712158, "_step": 9700, "train/episode_reward": 361.1549072265625, "train/episode_success": 0.0, "train/step": 9700, "train/episode": 96, "train/total_time": 1053.3244318962097, "train/policy_loss": 2.508700370788574, "train/reward_loss": 0.1657804548740387, "train/value_loss": 0.011292251758277416, "train/consistency_loss": 1.7138738428457145e-07, "train/total_loss": 0.01770898513495922, "_wandb": {"runtime": 1062}}