{"eval/episode_reward": 354.4132385253906, "eval/episode_success": 0.0, "eval/step": 0, "eval/episode": 0, "eval/total_time": 33.299171447753906, "_timestamp": 1746711585.6543562, "_runtime": 37.090466260910034, "_step": 1000, "train/episode_reward": 361.0516662597656, "train/episode_success": 0.0, "train/step": 1000, "train/episode": 9, "train/total_time": 33.69305753707886, "_wandb": {"runtime": 34}}