{"eval/episode_reward": 295.4504089355469, "eval/episode_success": 0.0, "eval/step": 0, "eval/episode": 0, "eval/total_time": 33.67971205711365, "_timestamp": 1745946910.5815058, "_runtime": 1090.484573841095, "_step": 7700, "train/episode_reward": 367.332275390625, "train/episode_success": 0.0, "train/step": 7700, "train/episode": 76, "train/total_time": 1083.3963882923126, "train/reward_loss": 0.6794119477272034, "train/value_loss": 0.128548264503479, "train/consistency_loss": 8.741205306250777e-07, "train/model_loss": 0.08080476522445679, "train/pi_loss": 0.0009985342621803284, "train/bc_loss": 0.0, "train/adv_mean": -0.48888325691223145, "train/adv_std": 0.20570912957191467, "_wandb": {"runtime": 1085}}