{"eval/episode_reward": 0.8095062375068665, "eval/episode_success": 0.0, "eval/step": 0, "eval/episode": 0, "eval/total_time": 9.402695178985596, "_timestamp": 1745161759.9127028, "_runtime": 14.167954683303833, "_step": 2500, "train/episode_reward": 9.957208633422852, "train/episode_success": 0.0, "train/step": 2500, "train/episode": 4, "train/total_time": 9.68128776550293, "_wandb": {"runtime": 10}}