{"eval/episode_reward": 115.15782165527344, "eval/episode_success": 0.0, "eval/step": 0, "eval/episode": 0, "eval/total_time": 42.50331497192383, "_timestamp": 1746856354.2812424, "_runtime": 45.9961142539978, "_step": 1000, "train/episode_reward": 361.0516662597656, "train/episode_success": 0.0, "train/step": 1000, "train/episode": 9, "train/total_time": 42.89175534248352, "_wandb": {"runtime": 44}}