{"eval/episode_reward": 0.7665198445320129, "eval/episode_success": 0.0, "eval/step": 0, "eval/episode": 0, "eval/total_time": 7.801454305648804, "_timestamp": 1745109539.615066, "_runtime": 10.920392990112305, "_step": 2500, "train/episode_reward": 6.745903015136719, "train/episode_success": 0.0, "train/step": 2500, "train/episode": 4, "train/total_time": 8.08317232131958, "_wandb": {"runtime": 457}}