{"eval/episode_reward": 0.7665198445320129, "eval/episode_success": 0.0, "eval/step": 0, "eval/episode": 0, "eval/total_time": 7.982558965682983, "_timestamp": 1745106473.330601, "_runtime": 11.10794186592102, "_step": 2500, "train/episode_reward": 6.910754203796387, "train/episode_success": 0.0, "train/step": 2500, "train/episode": 4, "train/total_time": 8.27510118484497, "_wandb": {"runtime": 16}}