{"videos/eval_video": {"_type": "video-file", "sha256": "f58337b834ac9ec3aeed5ad2a0e7db798c26263a2229010621a736404fed4e9e", "size": 870880, "path": "media/videos/videos/eval_video_0_f58337b834ac9ec3aeed.mp4", "width": 384, "height": 384}, "_timestamp": 1745330815.5662322, "eval/episode_reward": 36.040443420410156, "eval/episode_success": 0.0, "eval/step": 0, "eval/episode": 0, "eval/total_time": 831.619430065155, "_runtime": 835.3543763160706, "_step": 2500, "train/episode_reward": 32.16425323486328, "train/episode_success": 0.0, "train/step": 2500, "train/episode": 4, "train/total_time": 832.248553276062, "_wandb": {"runtime": 857}}