{"eval/episode_reward": 55.5024299621582, "eval/episode_success": 0.0, "eval/step": 0, "eval/episode": 0, "eval/total_time": 15.855769395828247, "_timestamp": 1745484901.0031936, "_runtime": 26.411929607391357, "_step": 1000, "train/episode_reward": 361.0516662597656, "train/episode_success": 0.0, "train/step": 1000, "train/episode": 9, "train/total_time": 16.245306491851807, "_wandb": {"runtime": 19}}