{"eval/episode_reward": 0.7665198445320129, "eval/episode_success": 0.0, "eval/step": 0, "eval/episode": 0, "eval/total_time": 7.563546180725098, "_timestamp": 1745107827.4147854, "_runtime": 10.766655445098877, "_step": 2500, "train/episode_reward": 10.819364547729492, "train/episode_success": 0.0, "train/step": 2500, "train/episode": 4, "train/total_time": 7.847455978393555, "_wandb": {"runtime": 15}}