{"eval/episode_reward": 0.8095062375068665, "eval/episode_success": 0.0, "eval/step": 0, "eval/episode": 0, "eval/total_time": 9.488309144973755, "_timestamp": 1745160579.085336, "_runtime": 12.997026920318604, "_step": 2500, "train/episode_reward": 3.291013717651367, "train/episode_success": 0.0, "train/step": 2500, "train/episode": 4, "train/total_time": 9.766034126281738, "_wandb": {"runtime": 10}}