{"eval/episode_reward": 369.04986572265625, "eval/episode_success": 0.0, "eval/step": 0, "eval/episode": 0, "eval/total_time": 2.7030768394470215, "_timestamp": 1745916754.582969, "_runtime": 6.606351852416992, "_step": 1000, "train/episode_reward": 361.0516662597656, "train/episode_success": 0.0, "train/step": 1000, "train/episode": 9, "train/total_time": 3.105433464050293, "_wandb": {"runtime": 4}}