{"eval/episode_reward": 155.62936401367188, "eval/episode_success": 0.0, "eval/step": 0, "eval/episode": 0, "eval/total_time": 59.977137088775635, "_timestamp": 1745844581.4710538, "_runtime": 2264.41907286644, "_step": 6300, "train/episode_reward": 75.24626159667969, "train/episode_success": 0.0, "train/step": 6300, "train/episode": 62, "train/total_time": 2260.817868709564, "train/policy_loss": 4.1214728355407715, "train/reward_loss": 0.6704890131950378, "train/value_loss": 0.002387830289080739, "train/consistency_loss": 5.1356819312786683e-05, "train/total_loss": 0.06780125200748444, "_wandb": {"runtime": 2292}}