{"eval/episode_reward": 328.60589599609375, "eval/episode_success": 0.0, "eval/step": 0, "eval/episode": 0, "eval/total_time": 47.17303776741028, "_timestamp": 1746798039.328483, "_runtime": 610.8459930419922, "_step": 4400, "train/episode_reward": 314.3978271484375, "train/episode_success": 0.0, "train/step": 4400, "train/episode": 43, "train/total_time": 607.5064055919647, "train/reward_loss": 0.1825857162475586, "train/value_loss": 0.006945124827325344, "train/consistency_loss": 1.6606563235654903e-07, "train/model_loss": 0.018954746425151825, "train/pi_loss": -11.316112518310547, "train/pi_entropy": 10.630411148071289, "train/pi_q": 0.05420376732945442, "train/alpha": 3.7418198585510254, "_wandb": {"runtime": 610}}