{"eval/episode_reward": 157.63502502441406, "eval/episode_success": 0.0, "eval/step": 0, "eval/episode": 0, "eval/total_time": 49.31598234176636, "_timestamp": 1746886843.4385562, "_runtime": 759.1167821884155, "_step": 5300, "train/episode_reward": 88.65458679199219, "train/episode_success": 0.0, "train/step": 5300, "train/episode": 52, "train/total_time": 755.5585749149323, "train/reward_loss": 0.6019527316093445, "train/value_loss": 0.6591567993164062, "train/consistency_loss": 1.3068809039396e-06, "train/total_loss": 0.12612402439117432, "train/grad_norm": 5.665254592895508, "train/pi_loss": -1.5840247869491577, "train/pi_entropy": -15.339837074279785, "train/pi_scaled_entropy": -16.822336196899414, "train/pi_q": 5.571627140045166, "train/pi_scale": 0.09671352058649063, "_wandb": {"runtime": 764}}