{"eval/episode_reward": 277.5655212402344, "eval/episode_success": 0.0, "eval/step": 0, "eval/episode": 0, "eval/total_time": 16.69224262237549, "_timestamp": 1747065148.0844016, "_runtime": 24.2668936252594, "_step": 1000, "train/episode_reward": 294.177978515625, "train/episode_success": 0.0, "train/step": 1000, "train/episode": 9, "train/total_time": 17.09022617340088, "_wandb": {"runtime": 18}}