{"eval/episode_reward": 279.42144775390625, "eval/episode_success": 0.0, "eval/step": 0, "eval/episode": 0, "eval/total_time": 16.862792015075684, "_timestamp": 1747042728.184573, "_runtime": 202.18801403045654, "_step": 2600, "train/episode_reward": 68.37448120117188, "train/episode_success": 0.0, "train/step": 2600, "train/episode": 25, "train/total_time": 198.49568390846252, "train/reward_loss": 0.6513831615447998, "train/value_loss": 0.6647644639015198, "train/consistency_loss": 3.689163747822022e-07, "train/total_loss": 0.13162215054035187, "train/grad_norm": 4.296010971069336, "train/pi_loss": -0.0007128039724193513, "train/pi_grad_norm": 0.000363885541446507, "train/pi_entropy": -43.01130294799805, "train/pi_scaled_entropy": 40.49137878417969, "train/pi_scale": 1.0000059604644775, "_wandb": {"runtime": 207}}