{"eval/episode_reward": 354.76593017578125, "eval/episode_success": 0.0, "eval/step": 0, "eval/episode": 0, "eval/total_time": 45.94001865386963, "_timestamp": 1746756376.5623636, "_runtime": 1625.5935325622559, "_step": 12000, "train/episode_reward": 583.2346801757812, "train/episode_success": 0.0, "train/step": 12000, "train/episode": 119, "train/total_time": 1621.9914164543152, "train/reward_loss": 0.3407333195209503, "train/value_loss": 0.03179460018873215, "train/consistency_loss": 1.7757663499651244e-06, "train/model_loss": 0.03727055341005325, "train/pi_loss": 0.0015581091865897179, "train/entropy_coef": 0.001, "train/entropy": 13.675755500793457, "train/adv_std": 0.7310876250267029, "_wandb": {"runtime": 1629}}