{"eval/episode_reward": 264.8678894042969, "eval/episode_success": 0.0, "eval/step": 0, "eval/episode": 0, "eval/total_time": 16.452422857284546, "_timestamp": 1747036901.4460063, "_runtime": 780.7769963741302, "_step": 10300, "train/episode_reward": 1277.2713623046875, "train/episode_success": 0.0, "train/step": 10300, "train/episode": 102, "train/total_time": 777.1458585262299, "train/reward_loss": 0.6697295904159546, "train/value_loss": 0.7456538677215576, "train/consistency_loss": 2.8383044536894886e-07, "train/total_loss": 0.14154402911663055, "train/grad_norm": 27.292165756225586, "train/pi_loss": 0.06592357158660889, "train/pi_grad_norm": 0.15458936989307404, "train/pi_entropy": -25.886388778686523, "train/pi_scaled_entropy": 15.24864387512207, "train/pi_q": -0.11367921531200409, "train/pi_scale": 1.0, "_wandb": {"runtime": 782}}