{"eval/episode_reward": 319.9861145019531, "eval/episode_success": 0.0, "eval/step": 0, "eval/episode": 0, "eval/total_time": 487.1308214664459, "_timestamp": 1745318176.0188656, "_runtime": 4676.465780496597, "_step": 6800, "train/episode_reward": 140.3435821533203, "train/episode_success": 0.0, "train/step": 6800, "train/episode": 67, "train/total_time": 4673.022417783737, "train/reward_loss": 14.223897933959961, "train/value_loss": 4.152072906494141, "train/consistency_loss": 0.4523753821849823, "train/loss": 15.057802200317383}