{"eval/episode_reward": 277.5655212402344, "eval/episode_success": 0.0, "eval/step": 0, "eval/episode": 0, "eval/total_time": 16.622538805007935, "_timestamp": 1747063125.2760282, "_runtime": 22.75961208343506, "_step": 1000, "train/episode_reward": 294.177978515625, "train/episode_success": 0.0, "train/step": 1000, "train/episode": 9, "train/total_time": 17.009340524673462, "_wandb": {"runtime": 18}}