{"eval/episode_reward": 277.5655212402344, "eval/episode_success": 0.0, "eval/step": 0, "eval/episode": 0, "eval/total_time": 17.268178462982178, "_timestamp": 1747059728.0200133, "_runtime": 22.60876441001892, "_step": 1000, "train/episode_reward": 294.177978515625, "train/episode_success": 0.0, "train/step": 1000, "train/episode": 9, "train/total_time": 17.661550521850586, "_wandb": {"runtime": 18}}