{"eval/episode_reward": 157.63502502441406, "eval/episode_success": 0.0, "eval/step": 0, "eval/episode": 0, "eval/total_time": 50.40838956832886, "_timestamp": 1746882770.3687823, "_runtime": 54.249839305877686, "_step": 1000, "train/episode_reward": 361.0516662597656, "train/episode_success": 0.0, "train/step": 1000, "train/episode": 9, "train/total_time": 50.790857553482056, "_wandb": {"runtime": 51}}