{"eval/episode_reward": 143.7968292236328, "eval/episode_success": 0.3, "eval/step": 0, "eval/episode": 0, "eval/total_time": 24.239004135131836, "_timestamp": 1745474101.8567002, "_runtime": 27.815429210662842, "_step": 1000, "train/episode_reward": 163.25149536132812, "train/episode_success": 0.0, "train/step": 1000, "train/episode": 9, "train/total_time": 24.827941417694092, "_wandb": {"runtime": 28}}