{"eval/episode_reward": 279.42144775390625, "eval/episode_success": 0.0, "eval/step": 0, "eval/episode": 0, "eval/total_time": 16.34546446800232, "_timestamp": 1747041518.2515526, "_runtime": 707.7902626991272, "_step": 9200, "train/episode_reward": 775.8521118164062, "train/episode_success": 0.0, "train/step": 9200, "train/episode": 91, "train/total_time": 703.762638092041, "train/reward_loss": 0.7168989181518555, "train/value_loss": 0.6773812770843506, "train/consistency_loss": 1.5483171864616452e-06, "train/total_loss": 0.13945898413658142, "train/grad_norm": 27.39998435974121, "train/pi_loss": 7.862214260967448e-05, "train/pi_grad_norm": 1.568515108374413e-05, "train/pi_entropy": -40.53025817871094, "train/pi_scaled_entropy": 54.08331298828125, "train/pi_scale": 1.0, "_wandb": {"runtime": 711}}