{"eval/episode_reward": 0.7947176694869995, "eval/episode_success": 0.0, "eval/step": 0, "eval/episode": 0, "eval/total_time": 137.0342104434967, "_timestamp": 1745008932.6878347, "_runtime": 140.00485682487488, "_step": 2500, "train/episode_reward": 6.195720195770264, "train/episode_success": 0.0, "train/step": 2500, "train/episode": 4, "train/total_time": 137.32714748382568, "_wandb": {"runtime": 851}}