{"eval/episode_reward": 0.0, "eval/episode_success": 0.0, "eval/step": 0, "eval/episode": 0, "eval/total_time": 16.521848917007446, "_timestamp": 1746673655.8248882, "_runtime": 129.33993530273438, "_step": 1100, "train/episode_reward": 2.6740360260009766, "train/episode_success": 0.0, "train/step": 1100, "train/episode": 10, "train/total_time": 126.0612096786499, "_wandb": {"runtime": 127}, "train/reward_loss": 0.5508055686950684, "train/value_loss": 0.05744513124227524, "train/consistency_loss": 1.3622740198115935e-06, "train/model_loss": 0.060838695615530014, "train/pi_loss": -0.011532871052622795, "train/bc_loss": 0.0, "train/adv_mean": -0.4141600430011749, "train/adv_std": 0.08064746111631393}