{"eval/episode_reward": 125.42936706542969, "eval/episode_success": 0.0, "eval/step": 0, "eval/episode": 0, "eval/total_time": 47.35729694366455, "_timestamp": 1746811665.4455416, "_runtime": 51.803125619888306, "_step": 1000, "train/episode_reward": 361.0516662597656, "train/episode_success": 0.0, "train/step": 1000, "train/episode": 9, "train/total_time": 47.752355337142944, "_wandb": {"runtime": 48}}