{"eval/episode_reward": 67.52814483642578, "eval/episode_success": 0.0, "eval/step": 0, "eval/episode": 0, "eval/total_time": 47.066993951797485, "_timestamp": 1745896167.7254968, "_runtime": 814.0915467739105, "_step": 8900, "train/episode_reward": 92.01864624023438, "train/episode_success": 0.0, "train/step": 8900, "train/episode": 88, "train/total_time": 810.7707352638245, "train/policy_loss": 3.6493868827819824, "train/reward_loss": 0.1463431715965271, "train/value_loss": 0.022462215274572372, "train/consistency_loss": 0.004849829711019993, "train/total_loss": 0.04614917188882828, "_wandb": {"runtime": 820}}