{"eval/episode_reward": 354.4132385253906, "eval/episode_success": 0.0, "eval/step": 0, "eval/episode": 0, "eval/total_time": 33.21751427650452, "_timestamp": 1746712860.0007477, "_runtime": 37.44542360305786, "_step": 1000, "train/episode_reward": 361.0516662597656, "train/episode_success": 0.0, "train/step": 1000, "train/episode": 9, "train/total_time": 33.617427587509155, "_wandb": {"runtime": 34}}