{"eval/episode_reward": 354.4132385253906, "eval/episode_success": 0.0, "eval/step": 0, "eval/episode": 0, "eval/total_time": 33.441128969192505, "_timestamp": 1746712051.937124, "_runtime": 40.37540292739868, "_step": 1000, "train/episode_reward": 361.0516662597656, "train/episode_success": 0.0, "train/step": 1000, "train/episode": 9, "train/total_time": 33.840373516082764, "_wandb": {"runtime": 35}}