{"eval/episode_reward": 317.9283142089844, "eval/episode_success": 0.0, "eval/step": 0, "eval/episode": 0, "eval/total_time": 1.5031194686889648, "_timestamp": 1745304282.9387894, "_runtime": 6.383164405822754, "_step": 1000, "train/episode_reward": 361.0516662597656, "train/episode_success": 0.0, "train/step": 1000, "train/episode": 9, "train/total_time": 1.890932559967041, "_wandb": {"runtime": 3}}