{"eval/episode_reward": 295.4504089355469, "eval/episode_success": 0.0, "eval/step": 0, "eval/episode": 0, "eval/total_time": 34.12516665458679, "_timestamp": 1745945717.103223, "_runtime": 52.74682307243347, "_step": 1000, "train/episode_reward": 361.0516662597656, "train/episode_success": 0.0, "train/step": 1000, "train/episode": 9, "train/total_time": 34.52022981643677, "_wandb": {"runtime": 35}}