{"eval/episode_reward": 170.63516235351562, "eval/episode_success": 0.0, "eval/step": 0, "eval/episode": 0, "eval/total_time": 44.90125036239624, "_timestamp": 1747017526.1418433, "_runtime": 49.14349627494812, "_step": 1000, "train/episode_reward": 361.0516662597656, "train/episode_success": 0.0, "train/step": 1000, "train/episode": 9, "train/total_time": 45.29104471206665, "_wandb": {"runtime": 46}}