{"eval/episode_reward": 264.8678894042969, "eval/episode_success": 0.0, "eval/step": 0, "eval/episode": 0, "eval/total_time": 17.333617687225342, "_timestamp": 1747032728.732034, "_runtime": 20.96675705909729, "_step": 1000, "train/episode_reward": 294.177978515625, "train/episode_success": 0.0, "train/step": 1000, "train/episode": 9, "train/total_time": 17.71916151046753, "_wandb": {"runtime": 82}}