{"eval/episode_reward": 369.04986572265625, "eval/episode_success": 0.0, "eval/step": 0, "eval/episode": 0, "eval/total_time": 2.679107904434204, "_timestamp": 1745897158.9625344, "_runtime": 7.504093408584595, "_step": 1000, "train/episode_reward": 361.0516662597656, "train/episode_success": 0.0, "train/step": 1000, "train/episode": 9, "train/total_time": 3.087242364883423, "_wandb": {"runtime": 4}}