{"eval/episode_reward": 314.9434814453125, "eval/episode_success": 0.0, "eval/step": 0, "eval/episode": 0, "eval/total_time": 38.953267097473145, "_timestamp": 1746700013.7159107, "_runtime": 43.18073773384094, "_step": 1000, "train/episode_reward": 361.0516662597656, "train/episode_success": 0.0, "train/step": 1000, "train/episode": 9, "train/total_time": 39.353811740875244, "_wandb": {"runtime": 40}}