{"eval/episode_reward": 329.9529724121094, "eval/episode_success": 0.0, "eval/step": 0, "eval/episode": 0, "eval/total_time": 46.87717270851135, "_timestamp": 1746790328.0539224, "_runtime": 1035.610592365265, "_step": 7300, "train/episode_reward": 327.07159423828125, "train/episode_success": 0.0, "train/step": 7300, "train/episode": 72, "train/total_time": 1015.0477571487427, "train/reward_loss": 0.4637455940246582, "train/value_loss": 0.04776040092110634, "train/consistency_loss": 7.173986523412168e-05, "train/model_loss": 0.05186799541115761, "train/pi_loss": -0.004325793124735355, "train/pi_q": 0.014958439394831657, "train/pi_entropy": 3.4099576473236084, "_wandb": {"runtime": 1023}}