{"eval/episode_reward": 143.7968292236328, "eval/episode_success": 0.3, "eval/step": 0, "eval/episode": 0, "eval/total_time": 24.443315267562866, "_timestamp": 1745473405.6944685, "_runtime": 29.200711488723755, "_step": 1000, "train/episode_reward": 163.25149536132812, "train/episode_success": 0.0, "train/step": 1000, "train/episode": 9, "train/total_time": 25.0296847820282, "_wandb": {"runtime": 29}}