{"eval/episode_reward": 400.2620849609375, "eval/episode_success": 0.0, "eval/step": 0, "eval/episode": 0, "eval/total_time": 27.141422271728516, "_timestamp": 1745646125.205828, "_runtime": 10620.777818918228, "_step": 13700, "train/episode_reward": 306.59368896484375, "train/episode_success": 0.0, "train/step": 13700, "train/episode": 136, "train/total_time": 10617.826525688171, "train/policy_loss": 3.186368465423584, "train/reward_loss": 1.2185524702072144, "train/value_loss": 8.745810508728027, "train/consistency_loss": 6.190582644194365e-05, "train/total_loss": 3.3154914379119873, "_wandb": {"runtime": 10720}}