{"eval/episode_reward": 157.63502502441406, "eval/episode_success": 0.0, "eval/step": 0, "eval/episode": 0, "eval/total_time": 49.50732779502869, "_timestamp": 1746884534.309525, "_runtime": 777.3895831108093, "_step": 5400, "train/episode_reward": 70.79573822021484, "train/episode_success": 0.0, "train/step": 5400, "train/episode": 53, "train/total_time": 772.9548451900482, "train/reward_loss": 0.5533178448677063, "train/value_loss": 0.7717907428741455, "train/consistency_loss": 1.784400467386149e-07, "train/total_loss": 0.1325126439332962, "train/grad_norm": 7.4330925941467285, "train/pi_loss": -0.15674355626106262, "train/pi_entropy": -25.814777374267578, "train/pi_scaled_entropy": 17.40460205078125, "train/pi_q": 0.5507314801216125, "train/pi_scale": 1.0, "_wandb": {"runtime": 780}}