{"eval/episode_reward": 81.98948669433594, "eval/episode_success": 0.0, "eval/step": 0, "eval/episode": 0, "eval/total_time": 30.141332864761353, "_timestamp": 1745850229.7787936, "_runtime": 963.161212682724, "_step": 10600, "train/episode_reward": 316.21600341796875, "train/episode_success": 0.0, "train/step": 10600, "train/episode": 105, "train/total_time": 959.9252421855927, "train/policy_loss": 4.193325519561768, "train/reward_loss": 0.5998460054397583, "train/value_loss": 0.0026493449695408344, "train/consistency_loss": 2.2390009689843282e-05, "train/total_loss": 0.06047343835234642, "_wandb": {"runtime": 965}}