{"eval/episode_reward": 125.6579818725586, "eval/episode_success": 0.0, "eval/step": 0, "eval/episode": 0, "eval/total_time": 42.20560383796692, "_timestamp": 1746806504.4509199, "_runtime": 48.85132884979248, "_step": 1000, "train/episode_reward": 361.0516662597656, "train/episode_success": 0.0, "train/step": 1000, "train/episode": 9, "train/total_time": 42.59527635574341, "_wandb": {"runtime": 43}}