{"eval/episode_reward": 35.595272064208984, "eval/episode_success": 0.0, "eval/step": 0, "eval/episode": 0, "eval/total_time": 885.9495005607605, "_timestamp": 1745325565.1399925, "_runtime": 1820.739446401596, "_step": 6500, "train/episode_reward": 50.64686584472656, "train/episode_success": 0.0, "train/step": 6500, "train/episode": 12, "train/total_time": 1817.3369626998901, "train/reward_loss": 0.0867237076163292, "train/value_loss": 0.23416268825531006, "train/consistency_loss": 0.0010456746676936746, "train/loss": -0.24147450923919678, "_wandb": {"runtime": 1865}}