{"eval/episode_reward": 143.7968292236328, "eval/episode_success": 0.3, "eval/step": 0, "eval/episode": 0, "eval/total_time": 24.77092146873474, "_timestamp": 1745477760.7872012, "_runtime": 30.190839052200317, "_step": 1000, "train/episode_reward": 163.25149536132812, "train/episode_success": 0.0, "train/step": 1000, "train/episode": 9, "train/total_time": 25.363764762878418, "_wandb": {"runtime": 26}}