{"eval/episode_reward": 170.63516235351562, "eval/episode_success": 0.0, "eval/step": 0, "eval/episode": 0, "eval/total_time": 41.51672983169556, "_timestamp": 1747020612.9984665, "_runtime": 267.1716105937958, "_step": 2000, "train/episode_reward": 155.30311584472656, "train/episode_success": 0.0, "train/step": 2000, "train/episode": 19, "train/total_time": 263.5267822742462, "train/reward_loss": 0.7247560024261475, "train/value_loss": 0.6805846095085144, "train/consistency_loss": 1.8373070531652047e-07, "train/total_loss": 0.14053590595722198, "train/grad_norm": 3.6912102699279785, "train/pi_loss": 0.07513503730297089, "train/pi_grad_norm": 4.237518310546875, "train/pi_entropy": -14.180760383605957, "train/pi_scaled_entropy": -21.92402458190918, "train/pi_q": -0.26175162196159363, "train/pi_scale": 0.0926738828420639, "_wandb": {"runtime": 267}}