{"eval/episode_reward": 143.7968292236328, "eval/episode_success": 0.3, "eval/step": 0, "eval/episode": 0, "eval/total_time": 24.604552745819092, "_timestamp": 1745475613.504665, "_runtime": 28.109201908111572, "_step": 1000, "train/episode_reward": 163.25149536132812, "train/episode_success": 0.0, "train/step": 1000, "train/episode": 9, "train/total_time": 25.18702793121338, "_wandb": {"runtime": 26}}