{"eval/episode_reward": 0.7665198445320129, "eval/episode_success": 0.0, "eval/step": 0, "eval/episode": 0, "eval/total_time": 7.618719577789307, "_timestamp": 1745110015.9384513, "_runtime": 10.772552251815796, "_step": 2500, "train/episode_reward": 2.680021047592163, "train/episode_success": 0.0, "train/step": 2500, "train/episode": 4, "train/total_time": 7.902085542678833, "_wandb": {"runtime": 89}}