{"eval/episode_reward": 0.8095062375068665, "eval/episode_success": 0.0, "eval/step": 0, "eval/episode": 0, "eval/total_time": 9.382167100906372, "_timestamp": 1745170415.250559, "_runtime": 13.435567140579224, "_step": 2500, "train/episode_reward": 6.6455512046813965, "train/episode_success": 0.0, "train/step": 2500, "train/episode": 4, "train/total_time": 9.655585765838623, "_wandb": {"runtime": 24}}