step,episode_reward
0.0,37.160064697265625
1000.0,36.758541107177734
2000.0,34.14357376098633
