{"eval/episode_reward": 157.63502502441406, "eval/episode_success": 0.0, "eval/step": 0, "eval/episode": 0, "eval/total_time": 51.136842489242554, "_timestamp": 1746883690.8778057, "_runtime": 383.4852497577667, "_step": 2700, "train/episode_reward": 100.63574981689453, "train/episode_success": 0.0, "train/step": 2700, "train/episode": 26, "train/total_time": 379.89827823638916, "train/reward_loss": 0.6392267942428589, "train/value_loss": 0.7050907611846924, "train/consistency_loss": 7.510580957159618e-08, "train/total_loss": 0.13443249464035034, "train/grad_norm": 1.9815680980682373, "train/pi_loss": 0.000181908966624178, "train/pi_entropy": -22.04916763305664, "train/pi_scaled_entropy": 18.753379821777344, "train/pi_q": -0.003107622032985091, "train/pi_scale": 1.0, "_wandb": {"runtime": 394}}