{"eval/episode_reward": 314.9434814453125, "eval/episode_success": 0.0, "eval/step": 0, "eval/episode": 0, "eval/total_time": 38.643969774246216, "_timestamp": 1746705179.4172626, "_runtime": 861.6062905788422, "_step": 6500, "train/episode_reward": 200.12168884277344, "train/episode_success": 0.0, "train/step": 6500, "train/episode": 64, "train/total_time": 857.8630073070526, "train/reward_loss": 0.22579671442508698, "train/value_loss": 0.011423390358686447, "train/consistency_loss": 1.0762722695289995e-06, "train/model_loss": 0.023732773959636688, "train/pi_loss": 0.006117185577750206, "train/kl_loss": 0.0, "train/kl_coef": 0.2, "train/adv_mean": -0.37411370873451233, "train/adv_std": 0.09537593275308609, "_wandb": {"runtime": 864}}