{"eval/episode_reward": 328.60589599609375, "eval/episode_success": 0.0, "eval/step": 0, "eval/episode": 0, "eval/total_time": 47.37478590011597, "_timestamp": 1746797296.3552537, "_runtime": 1003.8068916797638, "_step": 7300, "train/episode_reward": 266.97412109375, "train/episode_success": 0.0, "train/step": 7300, "train/episode": 72, "train/total_time": 1000.4499938488007, "train/reward_loss": 0.12417279183864594, "train/value_loss": 0.0036627210211008787, "train/consistency_loss": 7.43936141134327e-07, "train/model_loss": 0.012790990993380547, "train/pi_loss": 0.012364046648144722, "train/pi_entropy": 10.741117477416992, "train/pi_q": -0.04458747059106827, "_wandb": {"runtime": 1014}}