{"eval/episode_reward": 260.8732604980469, "eval/episode_success": 0.0, "eval/step": 0, "eval/episode": 0, "eval/total_time": 17.518354177474976, "_timestamp": 1747033826.6649253, "_runtime": 166.54043340682983, "_step": 2100, "train/episode_reward": 186.2716064453125, "train/episode_success": 0.0, "train/step": 2100, "train/episode": 20, "train/total_time": 163.49207592010498, "train/reward_loss": 0.7780195474624634, "train/value_loss": 0.7211081385612488, "train/consistency_loss": 3.043152787540748e-07, "train/total_loss": 0.14991885423660278, "train/grad_norm": 17.41367530822754, "train/pi_loss": 0.06175960227847099, "train/pi_grad_norm": 0.2108987718820572, "train/pi_entropy": -13.51154899597168, "train/pi_scaled_entropy": -2.3584845066070557, "train/pi_q": -0.10476051270961761, "train/pi_scale": 1.0, "_wandb": {"runtime": 168}}