{"eval/episode_reward": 264.8678894042969, "eval/episode_success": 0.0, "eval/step": 0, "eval/episode": 0, "eval/total_time": 16.266812801361084, "_timestamp": 1747033458.5874915, "_runtime": 384.91995453834534, "_step": 4900, "train/episode_reward": 431.6868896484375, "train/episode_success": 0.0, "train/step": 4900, "train/episode": 48, "train/total_time": 381.38352727890015, "train/reward_loss": 0.8096227645874023, "train/value_loss": 0.8066684007644653, "train/consistency_loss": 2.748135727870249e-07, "train/total_loss": 0.16163460910320282, "train/grad_norm": 34.29130935668945, "train/pi_loss": -0.1385335922241211, "train/pi_grad_norm": 0.8960487842559814, "train/pi_entropy": -23.901851654052734, "train/pi_scaled_entropy": 18.693584442138672, "train/pi_q": 0.23503105342388153, "train/pi_scale": 1.0, "_wandb": {"runtime": 386}}