{"eval/episode_reward": 400.2620849609375, "eval/episode_success": 0.0, "eval/step": 0, "eval/episode": 0, "eval/total_time": 1.1692686080932617, "_timestamp": 1745646838.8998315, "_runtime": 6.203874588012695, "_step": 1000, "train/episode_reward": 361.0516662597656, "train/episode_success": 0.0, "train/step": 1000, "train/episode": 9, "train/total_time": 1.5681090354919434, "_wandb": {"runtime": 23}}