{"eval/episode_reward": 125.42936706542969, "eval/episode_success": 0.0, "eval/step": 0, "eval/episode": 0, "eval/total_time": 52.92046141624451, "_timestamp": 1746813620.6620927, "_runtime": 555.897403717041, "_step": 3900, "train/episode_reward": 468.726318359375, "train/episode_success": 0.0, "train/step": 3900, "train/episode": 38, "train/total_time": 552.6459035873413, "train/reward_loss": 0.6834068894386292, "train/value_loss": 0.5726728439331055, "train/consistency_loss": 9.40378595259972e-06, "train/model_loss": 0.12570200860500336, "train/pi_loss": -0.28136754035949707, "train/pi_entropy": 2.733909845352173, "train/pi_scaled_entropy": 10.935639381408691, "train/pi_q": 0.9944230914115906, "train/pi_scale": 62.47604751586914, "_wandb": {"runtime": 562}}