{"eval/episode_reward": 369.04986572265625, "eval/episode_success": 0.0, "eval/step": 0, "eval/episode": 0, "eval/total_time": 2.7033374309539795, "_timestamp": 1745918699.4178567, "_runtime": 1622.9207797050476, "_step": 17100, "train/episode_reward": 761.7130126953125, "train/episode_success": 0.0, "train/step": 17100, "train/episode": 170, "train/total_time": 1617.867856502533, "train/reward_loss": 0.3024989068508148, "train/value_loss": 0.026044633239507675, "train/consistency_loss": 1.9960521058237646e-06, "train/model_loss": 0.032856352627277374, "train/pi_loss": -0.01889023184776306, "_wandb": {"runtime": 1626}}