{"eval/episode_reward": 277.5655212402344, "eval/episode_success": 0.0, "eval/step": 0, "eval/episode": 0, "eval/total_time": 16.317606210708618, "_timestamp": 1747060391.2329328, "_runtime": 561.9205238819122, "_step": 7700, "train/episode_reward": 1427.37548828125, "train/episode_success": 0.0, "train/step": 7700, "train/episode": 76, "train/total_time": 556.8081743717194, "train/reward_loss": 0.720849871635437, "train/value_loss": 0.7372294068336487, "train/consistency_loss": 1.4884652443925006e-07, "train/total_loss": 0.14581090211868286, "train/grad_norm": 26.975290298461914, "train/pi_loss": -51.274288177490234, "train/pi_grad_norm": 2.0095774289075052e-06, "train/pi_entropy": -20.721891403198242, "train/pi_scaled_entropy": 54.55608367919922, "train/pi_scale": 15.732097625732422, "_wandb": {"runtime": 559}}