{"eval/episode_reward": 314.9434814453125, "eval/episode_success": 0.0, "eval/step": 0, "eval/episode": 0, "eval/total_time": 38.92967486381531, "_timestamp": 1746699880.3842723, "_runtime": 43.03275442123413, "_step": 1000, "train/episode_reward": 361.0516662597656, "train/episode_success": 0.0, "train/step": 1000, "train/episode": 9, "train/total_time": 39.33577227592468, "_wandb": {"runtime": 40}}