step,episode_reward
0.0,28.856237411499023
5000.0,52.26008987426758
10000.0,46.23832321166992
15000.0,46.76044845581055
