{"eval/episode_reward": 133.75218200683594, "eval/episode_success": 0.4, "eval/step": 0, "eval/episode": 0, "eval/total_time": 25.99323534965515, "_timestamp": 1745459388.3209894, "_runtime": 91.60259938240051, "_step": 1000, "train/episode_reward": 163.25149536132812, "train/episode_success": 0.0, "train/step": 1000, "train/episode": 9, "train/total_time": 26.57537269592285, "_wandb": {"runtime": 28}}