{"eval/episode_reward": 170.63516235351562, "eval/episode_success": 0.0, "eval/step": 0, "eval/episode": 0, "eval/total_time": 41.652716875076294, "_timestamp": 1747026761.8663514, "_runtime": 818.5894763469696, "_step": 6300, "train/episode_reward": 691.4130859375, "train/episode_success": 0.0, "train/step": 6300, "train/episode": 62, "train/total_time": 813.8530011177063, "train/reward_loss": 0.7362784147262573, "train/value_loss": 0.7924783825874329, "train/consistency_loss": 1.946089696502895e-06, "train/total_loss": 0.15289515256881714, "train/grad_norm": 9.596342086791992, "train/pi_loss": -0.1612234115600586, "train/pi_grad_norm": 0.0008969011250883341, "train/pi_entropy": -41.73515319824219, "train/pi_scaled_entropy": 53.64533615112305, "train/pi_q": 0.5634204745292664, "train/pi_scale": 1.0, "_wandb": {"runtime": 819}}