{"eval/episode_reward": 170.63516235351562, "eval/episode_success": 0.0, "eval/step": 0, "eval/episode": 0, "eval/total_time": 42.835439920425415, "_timestamp": 1747016197.5147974, "_runtime": 753.6454305648804, "_step": 5600, "train/episode_reward": 882.6449584960938, "train/episode_success": 0.0, "train/step": 5600, "train/episode": 55, "train/total_time": 749.882688999176, "train/reward_loss": 0.6440349817276001, "train/value_loss": 0.665041983127594, "train/consistency_loss": 4.485897022732388e-07, "train/total_loss": 0.130912184715271, "train/grad_norm": 3.837354898452759, "train/pi_loss": 0.04243703931570053, "train/pi_entropy": -42.75673294067383, "train/pi_scaled_entropy": 49.74929428100586, "train/pi_q": -0.1548447608947754, "train/pi_scale": 0.5884144902229309, "_wandb": {"runtime": 759}}