{"eval/episode_reward": 0.8095062375068665, "eval/episode_success": 0.0, "eval/step": 0, "eval/episode": 0, "eval/total_time": 9.62634563446045, "_timestamp": 1745154844.709984, "_runtime": 13.175119161605835, "_step": 2500, "train/episode_reward": 11.639300346374512, "train/episode_success": 0.0, "train/step": 2500, "train/episode": 4, "train/total_time": 9.899691820144653, "_wandb": {"runtime": 12}}