{"eval/episode_reward": 242.0946807861328, "eval/episode_success": 0.0, "eval/step": 0, "eval/episode": 0, "eval/total_time": 1.4090263843536377, "_timestamp": 1745285165.1280649, "_runtime": 7.498987913131714, "_step": 1000, "train/episode_reward": 361.0516662597656, "train/episode_success": 0.0, "train/step": 1000, "train/episode": 9, "train/total_time": 1.7859656810760498, "_wandb": {"runtime": 2}}