{"eval/episode_reward": 143.7968292236328, "eval/episode_success": 0.3, "eval/step": 0, "eval/episode": 0, "eval/total_time": 24.612912893295288, "_timestamp": 1745469867.771567, "_runtime": 28.13105320930481, "_step": 1000, "train/episode_reward": 163.25149536132812, "train/episode_success": 0.0, "train/step": 1000, "train/episode": 9, "train/total_time": 25.209943771362305, "_wandb": {"runtime": 26}}