{"eval/episode_reward": 329.7388610839844, "eval/episode_success": 0.0, "eval/step": 0, "eval/episode": 0, "eval/total_time": 46.446128129959106, "_timestamp": 1746761945.202281, "_runtime": 1208.9650011062622, "_step": 8800, "train/episode_reward": 335.1275939941406, "train/episode_success": 0.0, "train/step": 8800, "train/episode": 87, "train/total_time": 1205.5898382663727, "train/reward_loss": 0.9233468770980835, "train/value_loss": 0.2005186229944229, "train/consistency_loss": 6.279612989601446e-07, "train/model_loss": 0.1123928353190422, "train/pi_loss": -381.2799072265625, "train/alpha": 14.052691459655762, "train/entropy": 13.675755500793457, "_wandb": {"runtime": 1219}}