{"eval/episode_reward": 0.8095062375068665, "eval/episode_success": 0.0, "eval/step": 0, "eval/episode": 0, "eval/total_time": 9.44336485862732, "_timestamp": 1745155740.763694, "_runtime": 12.680132150650024, "_step": 2500, "train/episode_reward": 7.681478500366211, "train/episode_success": 0.0, "train/step": 2500, "train/episode": 4, "train/total_time": 9.716714859008789, "_wandb": {"runtime": 12}}