{"eval/episode_reward": 0.8095062375068665, "eval/episode_success": 0.0, "eval/step": 0, "eval/episode": 0, "eval/total_time": 9.352283000946045, "_timestamp": 1745157254.3125107, "_runtime": 12.57117772102356, "_step": 2500, "train/episode_reward": 7.564582347869873, "train/episode_success": 0.0, "train/step": 2500, "train/episode": 4, "train/total_time": 9.62561559677124, "_wandb": {"runtime": 11}}