{"eval/episode_reward": 295.7561950683594, "eval/episode_success": 0.0, "eval/step": 0, "eval/episode": 0, "eval/total_time": 21.504836320877075, "_timestamp": 1745854202.363611, "_runtime": 1596.7802939414978, "_step": 16400, "train/episode_reward": 128.8951416015625, "train/episode_success": 0.0, "train/step": 16400, "train/episode": 163, "train/total_time": 1592.0710079669952, "train/policy_loss": 1.9926396608352661, "train/reward_loss": 0.49128127098083496, "train/value_loss": 0.0009783166460692883, "train/consistency_loss": 0.00012548644735943526, "train/total_loss": 0.05048082023859024, "_wandb": {"runtime": 1596}}