{"eval/episode_reward": 0.8095062375068665, "eval/episode_success": 0.0, "eval/step": 0, "eval/episode": 0, "eval/total_time": 9.754131078720093, "_timestamp": 1745130298.1661777, "_runtime": 12.455055713653564, "_step": 2500, "train/episode_reward": 8.100838661193848, "train/episode_success": 0.0, "train/step": 2500, "train/episode": 4, "train/total_time": 10.024102687835693, "_wandb": {"runtime": 12}}