{"eval/episode_reward": 1836.6370849609375, "eval/episode_success": 0.8, "eval/step": 180000, "eval/episode": 1799, "eval/total_time": 13248.749165773392, "_timestamp": 1747056778.6681707, "_runtime": 13746.092311620712, "_step": 186800, "train/episode_reward": 1797.88037109375, "train/episode_success": 1.0, "train/step": 186800, "train/episode": 1867, "train/total_time": 13742.671583414078, "train/reward_loss": 0.5060800313949585, "train/value_loss": 0.5566507577896118, "train/consistency_loss": 9.911088909575483e-07, "train/total_loss": 0.10629290342330933, "train/grad_norm": 2.4071991443634033, "train/pi_loss": 0.000691971683409065, "train/pi_grad_norm": 0.002453132998198271, "train/pi_entropy": -31.72771453857422, "train/pi_scaled_entropy": 31.93252944946289, "train/pi_scale": 1.0, "_wandb": {"runtime": 13749}}