{"eval/episode_reward": 1841.4423828125, "eval/episode_success": 0.4, "eval/step": 580000, "eval/episode": 5799, "eval/total_time": 43312.00244355202, "_timestamp": 1747188936.1781971, "_runtime": 43548.68167304993, "_step": 583100, "train/episode_reward": 1802.4390869140625, "train/episode_success": 1.0, "train/step": 583100, "train/episode": 5830, "train/total_time": 43542.645626306534, "train/reward_loss": 0.5087945461273193, "train/value_loss": 0.5691553950309753, "train/consistency_loss": 1.8995256141352002e-06, "train/total_loss": 0.10783299058675766, "train/grad_norm": 3.765636444091797, "train/pi_loss": -0.0018701358931139112, "train/pi_grad_norm": 2.4914730278879915e-09, "train/pi_entropy": -41.560279846191406, "train/pi_scaled_entropy": 54.80706024169922, "train/pi_scale": 1.0, "_wandb": {"runtime": 43549}}