{"eval/episode_reward": 277.5655212402344, "eval/episode_success": 0.0, "eval/step": 0, "eval/episode": 0, "eval/total_time": 16.63571834564209, "_timestamp": 1747063524.6452298, "_runtime": 21.847765922546387, "_step": 1000, "train/episode_reward": 294.177978515625, "train/episode_success": 0.0, "train/step": 1000, "train/episode": 9, "train/total_time": 17.0270938873291, "_wandb": {"runtime": 18}}