{"eval/episode_reward": 369.04986572265625, "eval/episode_success": 0.0, "eval/step": 0, "eval/episode": 0, "eval/total_time": 2.719635486602783, "_timestamp": 1745916108.5881784, "_runtime": 6.553932428359985, "_step": 1000, "train/episode_reward": 361.0516662597656, "train/episode_success": 0.0, "train/step": 1000, "train/episode": 9, "train/total_time": 3.1224381923675537, "_wandb": {"runtime": 4}}