{"eval/episode_reward": 0.8095062375068665, "eval/episode_success": 0.0, "eval/step": 0, "eval/episode": 0, "eval/total_time": 9.610551118850708, "_timestamp": 1745129437.3299499, "_runtime": 12.597417831420898, "_step": 2500, "train/episode_reward": 12.156131744384766, "train/episode_success": 0.0, "train/step": 2500, "train/episode": 4, "train/total_time": 9.891501426696777, "_wandb": {"runtime": 12}}