{"eval/episode_reward": 155.62936401367188, "eval/episode_success": 0.0, "eval/step": 0, "eval/episode": 0, "eval/total_time": 65.36043977737427, "_timestamp": 1745810718.6183324, "_runtime": 3626.7696764469147, "_step": 6600, "train/episode_reward": 599.8624267578125, "train/episode_success": 0.0, "train/step": 6600, "train/episode": 65, "train/total_time": 3623.3261091709137, "train/policy_loss": 3.8098621368408203, "train/reward_loss": 0.8126854300498962, "train/value_loss": 0.0027847185265272856, "train/consistency_loss": 0.005645750090479851, "train/total_loss": 0.13800451159477234, "_wandb": {"runtime": 3649}}