{"eval/episode_reward": 295.4504089355469, "eval/episode_success": 0.0, "eval/step": 0, "eval/episode": 0, "eval/total_time": 34.02096652984619, "_timestamp": 1745945587.4082463, "_runtime": 40.35124230384827, "_step": 1000, "train/episode_reward": 361.0516662597656, "train/episode_success": 0.0, "train/step": 1000, "train/episode": 9, "train/total_time": 34.41322088241577, "_wandb": {"runtime": 35}}