{"eval/episode_reward": 0.7665198445320129, "eval/episode_success": 0.0, "eval/step": 0, "eval/episode": 0, "eval/total_time": 7.945072650909424, "_timestamp": 1745107978.6909916, "_runtime": 11.042171716690063, "_step": 2500, "train/episode_reward": 7.374169826507568, "train/episode_success": 0.0, "train/step": 2500, "train/episode": 4, "train/total_time": 8.238516569137573, "_wandb": {"runtime": 16}}