{"eval/episode_reward": 295.4504089355469, "eval/episode_success": 0.0, "eval/step": 0, "eval/episode": 0, "eval/total_time": 34.81125497817993, "_timestamp": 1745945411.754433, "_runtime": 41.74797701835632, "_step": 1000, "train/episode_reward": 361.0516662597656, "train/episode_success": 0.0, "train/step": 1000, "train/episode": 9, "train/total_time": 35.211456537246704, "_wandb": {"runtime": 36}}