{"eval/episode_reward": 170.63516235351562, "eval/episode_success": 0.0, "eval/step": 0, "eval/episode": 0, "eval/total_time": 42.430424213409424, "_timestamp": 1747017218.6772892, "_runtime": 46.508700132369995, "_step": 1000, "train/episode_reward": 361.0516662597656, "train/episode_success": 0.0, "train/step": 1000, "train/episode": 9, "train/total_time": 42.821635484695435, "_wandb": {"runtime": 44}}