step,episode_reward
0.0,180.5288543701172
5000.0,47.90154266357422
