{"eval/episode_reward": 328.60589599609375, "eval/episode_success": 0.0, "eval/step": 0, "eval/episode": 0, "eval/total_time": 47.19180512428284, "_timestamp": 1746801005.987642, "_runtime": 1095.7042961120605, "_step": 7900, "train/episode_reward": 328.3575439453125, "train/episode_success": 0.0, "train/step": 7900, "train/episode": 78, "train/total_time": 1091.9198520183563, "train/reward_loss": 0.09218764305114746, "train/value_loss": 0.003749620169401169, "train/consistency_loss": 2.371390337430057e-07, "train/model_loss": 0.009596097283065319, "train/pi_loss": -0.00719933956861496, "train/pi_grad_norm": null, "train/pi_entropy": 2.678036689758301, "train/pi_scaled_entropy": 10.712146759033203, "train/pi_q": 0.024078285321593285, "train/pi_scale": 1.0, "_wandb": {"runtime": 1099}}