{"eval/episode_reward": 314.9434814453125, "eval/episode_success": 0.0, "eval/step": 0, "eval/episode": 0, "eval/total_time": 39.36699819564819, "_timestamp": 1746697230.3304758, "_runtime": 43.50308680534363, "_step": 1000, "train/episode_reward": 361.0516662597656, "train/episode_success": 0.0, "train/step": 1000, "train/episode": 9, "train/total_time": 39.77219223976135, "_wandb": {"runtime": 41}}