{"eval/episode_reward": 170.63516235351562, "eval/episode_success": 0.0, "eval/step": 0, "eval/episode": 0, "eval/total_time": 43.025493144989014, "_timestamp": 1746889857.5774086, "_runtime": 796.1189844608307, "_step": 5800, "train/episode_reward": 1232.7384033203125, "train/episode_success": 0.0, "train/step": 5800, "train/episode": 57, "train/total_time": 792.2872505187988, "train/reward_loss": 0.6162375211715698, "train/value_loss": 0.6733020544052124, "train/consistency_loss": 3.101520746895403e-07, "train/total_loss": 0.12895706295967102, "train/grad_norm": 15.679908752441406, "train/pi_loss": -0.19952836632728577, "train/pi_entropy": -41.995849609375, "train/pi_scaled_entropy": 52.879051208496094, "train/pi_q": 0.7007089257240295, "train/pi_scale": 0.5894973278045654, "_wandb": {"runtime": 799}}