{"eval/episode_reward": 328.60589599609375, "eval/episode_success": 0.0, "eval/step": 0, "eval/episode": 0, "eval/total_time": 47.063586711883545, "_timestamp": 1746799870.1204631, "_runtime": 846.4583852291107, "_step": 6100, "train/episode_reward": 247.85060119628906, "train/episode_success": 0.0, "train/step": 6100, "train/episode": 60, "train/total_time": 843.287615776062, "train/reward_loss": 0.1112937480211258, "train/value_loss": 0.0047178613021969795, "train/consistency_loss": 1.6224968931055628e-05, "train/model_loss": 0.01176341064274311, "train/pi_loss": -21.922935485839844, "train/pi_entropy": 10.704326629638672, "train/pi_q": -0.0036791639868170023, "train/alpha": 7.21958589553833, "_wandb": {"runtime": 849}}