{"eval/episode_reward": 155.62936401367188, "eval/episode_success": 0.0, "eval/step": 0, "eval/episode": 0, "eval/total_time": 65.46038103103638, "_timestamp": 1745802880.2992065, "_runtime": 734.8741574287415, "_step": 2200, "train/episode_reward": 84.19306182861328, "train/episode_success": 0.0, "train/step": 2200, "train/episode": 21, "train/total_time": 731.6259298324585, "train/policy_loss": 4.004328727722168, "train/reward_loss": 1.9976040124893188, "train/value_loss": 0.2755143940448761, "train/consistency_loss": 0.014184348285198212, "train/total_loss": 0.3691553473472595, "_wandb": {"runtime": 749}}