{"eval/episode_reward": 295.4504089355469, "eval/episode_success": 0.0, "eval/step": 0, "eval/episode": 0, "eval/total_time": 33.41111350059509, "_timestamp": 1746669550.6800404, "_runtime": 39.9289984703064, "_step": 1000, "train/episode_reward": 0.7221033573150635, "train/episode_reward_raw": 361.0516662597656, "train/episode_success": 0.0, "train/step": 1000, "train/episode": 9, "train/total_time": 36.17567300796509, "_wandb": {"runtime": 61}}