{"eval/episode_reward": 0.7665198445320129, "eval/episode_success": 0.0, "eval/step": 0, "eval/episode": 0, "eval/total_time": 7.798755407333374, "_timestamp": 1745109075.9519289, "_runtime": 10.908577919006348, "_step": 2500, "train/episode_reward": 6.081701278686523, "train/episode_success": 0.0, "train/step": 2500, "train/episode": 4, "train/total_time": 8.084998607635498, "_wandb": {"runtime": 445}}