{"eval/episode_reward": 7.456632137298584, "eval/episode_success": 0.0, "eval/step": 20000, "eval/episode": 39, "eval/total_time": 1990.2218639850616, "_timestamp": 1747194953.4785283, "_runtime": 3116.0331432819366, "_step": 32500, "train/episode_reward": 7.213614463806152, "train/episode_success": 0.0, "train/step": 32500, "train/episode": 64, "train/total_time": 3112.6014399528503, "train/reward_loss": 0.19462677836418152, "train/value_loss": 1.3898506164550781, "train/consistency_loss": 0.05416645109653473, "train/total_loss": 1.241776704788208, "train/grad_norm": 159.79327392578125, "train/pi_loss": -0.0075739650055766106, "train/pi_grad_norm": 0.00038471369771286845, "train/pi_entropy": -370.74658203125, "train/pi_scaled_entropy": 4940.0029296875, "train/pi_scale": 1.0000059604644775, "_wandb": {"runtime": 3126}}