{"eval/episode_reward": 279.42144775390625, "eval/episode_success": 0.0, "eval/step": 0, "eval/episode": 0, "eval/total_time": 16.36487078666687, "_timestamp": 1747057525.0419774, "_runtime": 22.061379432678223, "_step": 1000, "train/episode_reward": 294.177978515625, "train/episode_success": 0.0, "train/step": 1000, "train/episode": 9, "train/total_time": 16.753580570220947, "_wandb": {"runtime": 63}}