{"eval/episode_reward": 125.6579818725586, "eval/episode_success": 0.0, "eval/step": 0, "eval/episode": 0, "eval/total_time": 43.10830283164978, "_timestamp": 1746807716.210738, "_runtime": 424.4988238811493, "_step": 3100, "train/episode_reward": 373.3482971191406, "train/episode_success": 0.0, "train/step": 3100, "train/episode": 30, "train/total_time": 419.00794887542725, "train/reward_loss": 0.8674445152282715, "train/value_loss": 0.2641153335571289, "train/consistency_loss": 2.7542171210370725e-07, "train/model_loss": 0.11315874010324478, "train/pi_loss": 0.06875447928905487, "train/pi_entropy": 2.728806495666504, "train/pi_scaled_entropy": 10.915225982666016, "train/pi_q": -0.24270081520080566, "train/pi_scale": 1.0, "_wandb": {"runtime": 422}}