{"eval/episode_reward": 0.8168090581893921, "eval/episode_success": 0.0, "eval/step": 0, "eval/episode": 0, "eval/total_time": 9.466169118881226, "_timestamp": 1745165597.941178, "_runtime": 15.590043067932129, "_step": 2500, "train/episode_reward": 3.7523598670959473, "train/episode_success": 0.0, "train/step": 2500, "train/episode": 4, "train/total_time": 9.741764307022095, "_wandb": {"runtime": 32}}