{"eval/episode_reward": 971.3684692382812, "eval/episode_success": 0.0, "eval/step": 20000, "eval/episode": 199, "eval/total_time": 2726.6089420318604, "_timestamp": 1747024866.681313, "_runtime": 3789.120682954788, "_step": 28100, "train/episode_reward": 1165.354736328125, "train/episode_success": 0.0, "train/step": 28100, "train/episode": 280, "train/total_time": 3785.0955069065094, "train/reward_loss": 0.5659260153770447, "train/value_loss": 0.5670571327209473, "train/consistency_loss": 7.216206654447888e-07, "train/total_loss": 0.11330553144216537, "train/grad_norm": 15.407785415649414, "train/pi_loss": 0.06239037960767746, "train/pi_grad_norm": 0.3109957277774811, "train/pi_entropy": -19.39611053466797, "train/pi_scaled_entropy": -14.295316696166992, "train/pi_q": -0.2246987521648407, "train/pi_scale": 0.0934746265411377, "_wandb": {"runtime": 3789}}