{"eval/episode_reward": 264.8678894042969, "eval/episode_success": 0.0, "eval/step": 0, "eval/episode": 0, "eval/total_time": 16.30415987968445, "_timestamp": 1747032675.346162, "_runtime": 1428.4639990329742, "_step": 18500, "train/episode_reward": 1788.3089599609375, "train/episode_success": 0.0, "train/step": 18500, "train/episode": 184, "train/total_time": 1424.4271175861359, "train/reward_loss": 0.5435500144958496, "train/value_loss": 0.5732139945030212, "train/consistency_loss": 1.0564767762843985e-06, "train/total_loss": 0.11169753223657608, "train/grad_norm": 7.015963077545166, "train/pi_loss": -0.1252482533454895, "train/pi_grad_norm": 0.46663710474967957, "train/pi_entropy": -25.407081604003906, "train/pi_scaled_entropy": 21.21837043762207, "train/pi_q": 0.21301984786987305, "train/pi_scale": 1.0, "_wandb": {"runtime": 1431}}