{"eval/episode_reward": 0.8095062375068665, "eval/episode_success": 0.0, "eval/step": 0, "eval/episode": 0, "eval/total_time": 9.800511837005615, "_timestamp": 1745128657.5949552, "_runtime": 20.04046130180359, "_step": 2500, "train/episode_reward": 6.350971221923828, "train/episode_success": 0.0, "train/step": 2500, "train/episode": 4, "train/total_time": 10.083357810974121, "_wandb": {"runtime": 12}}