{"eval/episode_reward": 277.5655212402344, "eval/episode_success": 0.0, "eval/step": 0, "eval/episode": 0, "eval/total_time": 16.157925605773926, "_timestamp": 1747059638.180682, "_runtime": 21.305245876312256, "_step": 1000, "train/episode_reward": 294.177978515625, "train/episode_success": 0.0, "train/step": 1000, "train/episode": 9, "train/total_time": 16.541149139404297, "_wandb": {"runtime": 17}}