{"eval/episode_reward": 0.7947176694869995, "eval/episode_success": 0.0, "eval/step": 0, "eval/episode": 0, "eval/total_time": 9.440006017684937, "_timestamp": 1745009757.8993454, "_runtime": 21.690999507904053, "_step": 2500, "train/episode_reward": 5.278019905090332, "train/episode_success": 0.0, "train/step": 2500, "train/episode": 4, "train/total_time": 9.730013132095337, "_wandb": {"runtime": 13}}