{"eval/episode_reward": 0.7665198445320129, "eval/episode_success": 0.0, "eval/step": 0, "eval/episode": 0, "eval/total_time": 7.78641414642334, "_timestamp": 1745108362.0852015, "_runtime": 10.754205465316772, "_step": 2500, "train/episode_reward": 3.7267868518829346, "train/episode_success": 0.0, "train/step": 2500, "train/episode": 4, "train/total_time": 8.070371866226196, "_wandb": {"runtime": 16}}