{"eval/episode_reward": 115.15782165527344, "eval/episode_success": 0.0, "eval/step": 0, "eval/episode": 0, "eval/total_time": 42.95125699043274, "_timestamp": 1746844862.3695667, "_runtime": 46.5248327255249, "_step": 1000, "train/episode_reward": 361.0516662597656, "train/episode_success": 0.0, "train/step": 1000, "train/episode": 9, "train/total_time": 43.34063196182251, "_wandb": {"runtime": 44}}