{"eval/episode_reward": 0.8095062375068665, "eval/episode_success": 0.0, "eval/step": 0, "eval/episode": 0, "eval/total_time": 9.58243179321289, "_timestamp": 1745171105.4175024, "_runtime": 12.788747310638428, "_step": 2500, "train/episode_reward": 5.130627632141113, "train/episode_success": 0.0, "train/step": 2500, "train/episode": 4, "train/total_time": 9.855830430984497, "_wandb": {"runtime": 20}}