{"_wandb": {"runtime": 31}, "eval/episode_reward": 295.4504089355469, "eval/episode_success": 0.0, "eval/step": 0, "eval/episode": 0, "eval/total_time": 29.988441705703735, "_timestamp": 1746669663.8174217, "_runtime": 33.466004610061646, "_step": 0}