{"eval/episode_reward": 0.8095062375068665, "eval/episode_success": 0.0, "eval/step": 0, "eval/episode": 0, "eval/total_time": 9.43802785873413, "_timestamp": 1745162680.5644288, "_runtime": 15.078451871871948, "_step": 2500, "train/episode_reward": 3.5773091316223145, "train/episode_success": 0.0, "train/step": 2500, "train/episode": 4, "train/total_time": 9.706587076187134, "_wandb": {"runtime": 13}}