{"eval/episode_reward": 143.7968292236328, "eval/episode_success": 0.3, "eval/step": 0, "eval/episode": 0, "eval/total_time": 23.597920894622803, "_timestamp": 1745468186.2898724, "_runtime": 27.142475366592407, "_step": 1000, "train/episode_reward": 163.25149536132812, "train/episode_success": 0.0, "train/step": 1000, "train/episode": 9, "train/total_time": 24.185892343521118, "_wandb": {"runtime": 25}}