{"eval/episode_reward": 295.7561950683594, "eval/episode_success": 0.0, "eval/step": 0, "eval/episode": 0, "eval/total_time": 22.104055643081665, "_timestamp": 1745856235.2038481, "_runtime": 407.7908010482788, "_step": 3700, "train/episode_reward": 126.54766082763672, "train/episode_success": 0.0, "train/step": 3700, "train/episode": 36, "train/total_time": 403.3382296562195, "train/policy_loss": 3.2537989616394043, "train/reward_loss": 0.2509137988090515, "train/value_loss": 0.018421869724988937, "train/consistency_loss": 1.5682733192079468e-06, "train/total_loss": 0.026935135945677757, "_wandb": {"runtime": 407}}