{"eval/episode_reward": 369.04986572265625, "eval/episode_success": 0.0, "eval/step": 0, "eval/episode": 0, "eval/total_time": 2.707167387008667, "_timestamp": 1745912461.6815643, "_runtime": 562.9028043746948, "_step": 5800, "train/episode_reward": 166.99913024902344, "train/episode_success": 0.0, "train/step": 5800, "train/episode": 57, "train/total_time": 559.2646019458771, "train/policy_loss": 0.31978291273117065, "train/reward_loss": 0.1018189862370491, "train/value_loss": 0.003189577255398035, "train/consistency_loss": 3.8342431452065284e-08, "train/total_loss": 0.010501623153686523, "_wandb": {"runtime": 569}}