{"eval/episode_reward": 328.58294677734375, "eval/episode_success": 0.0, "eval/step": 0, "eval/episode": 0, "eval/total_time": 47.31308197975159, "_timestamp": 1746791658.0155053, "_runtime": 631.5944213867188, "_step": 4600, "train/episode_reward": 320.67462158203125, "train/episode_success": 0.0, "train/step": 4600, "train/episode": 45, "train/total_time": 627.5967123508453, "train/reward_loss": 0.15576262772083282, "train/value_loss": 0.010592459701001644, "train/consistency_loss": 0.012840202078223228, "train/model_loss": 0.14503753185272217, "train/pi_loss": 0.0016600640956312418, "train/pi_q": -0.0058110561221838, "train/pi_entropy": -0.6854107975959778, "_wandb": {"runtime": 637}}