{"eval/episode_reward": 320.4560241699219, "eval/episode_success": 0.0, "eval/step": 0, "eval/episode": 0, "eval/total_time": 33.643977880477905, "_timestamp": 1746707384.7471147, "_runtime": 37.84757971763611, "_step": 1000, "train/episode_reward": 361.0516662597656, "train/episode_success": 0.0, "train/step": 1000, "train/episode": 9, "train/total_time": 34.04189896583557, "_wandb": {"runtime": 35}}