{"eval/episode_reward": 0.8095062375068665, "eval/episode_success": 0.0, "eval/step": 0, "eval/episode": 0, "eval/total_time": 9.623473882675171, "_timestamp": 1745130836.2215202, "_runtime": 12.543416261672974, "_step": 2500, "train/episode_reward": 3.661423921585083, "train/episode_success": 0.0, "train/step": 2500, "train/episode": 4, "train/total_time": 9.902161121368408, "_wandb": {"runtime": 12}}