{"eval/episode_reward": 279.42144775390625, "eval/episode_success": 0.0, "eval/step": 0, "eval/episode": 0, "eval/total_time": 16.31320571899414, "_timestamp": 1747057864.7990167, "_runtime": 20.001604795455933, "_step": 1000, "train/episode_reward": 294.177978515625, "train/episode_success": 0.0, "train/step": 1000, "train/episode": 9, "train/total_time": 16.702548027038574, "_wandb": {"runtime": 17}}