{"eval/episode_reward": 0.0, "eval/episode_success": 0.0, "eval/step": 140000, "eval/episode": 1399, "eval/total_time": 11954.598165988922, "_timestamp": 1746687984.25078, "_runtime": 12084.677702188492, "_step": 141500, "train/episode_reward": 0.0, "train/episode_success": 0.0, "train/step": 141500, "train/episode": 1414, "train/total_time": 12080.94555592537, "train/reward_loss": 0.722379207611084, "train/value_loss": 0.08637163788080215, "train/consistency_loss": 8.277249463617409e-08, "train/model_loss": 0.08087591081857681, "train/pi_loss": -0.004734835587441921, "train/bc_loss": 0.0, "train/adv_mean": -1.00114107131958, "train/adv_std": 0.0714307650923729, "_wandb": {"runtime": 12089}}