{"eval/episode_reward": 196.11428833007812, "eval/episode_success": 0.0, "eval/step": 0, "eval/episode": 0, "eval/total_time": 63.56008338928223, "_timestamp": 1745803885.21774, "_runtime": 432.11091899871826, "_step": 1200, "train/episode_reward": 277.5328369140625, "train/episode_success": 0.0, "train/step": 1200, "train/episode": 11, "train/total_time": 429.1363048553467, "train/policy_loss": 3.733272075653076, "train/reward_loss": 2.0602662563323975, "train/value_loss": 0.15563733875751495, "train/consistency_loss": 0.011741138063371181, "train/total_loss": 0.33900174498558044, "_wandb": {"runtime": 455}}