{"eval/episode_reward": 0.8095062375068665, "eval/episode_success": 0.0, "eval/step": 0, "eval/episode": 0, "eval/total_time": 9.557520151138306, "_timestamp": 1745155025.181379, "_runtime": 13.719213008880615, "_step": 2500, "train/episode_reward": 8.627314567565918, "train/episode_success": 0.0, "train/step": 2500, "train/episode": 4, "train/total_time": 9.829831600189209, "_wandb": {"runtime": 12}}