{"videos/eval_video": {"_type": "video-file", "sha256": "84232c4145fe6925be700a7ad4d5ed42c23f757ba51a46056bcb29b7b2859553", "size": 761032, "path": "media/videos/videos/eval_video_59500_84232c4145fe6925be70.mp4", "width": 384, "height": 384}, "_timestamp": 1747294518.0089493, "eval/episode_reward": 18.9929256439209, "eval/episode_success": 0.0, "eval/step": 60000, "eval/episode": 119, "eval/total_time": 53404.30119872093, "_runtime": 63051.117839336395, "_step": 72000, "train/episode_reward": 24.95148277282715, "train/episode_success": 0.0, "train/step": 72000, "train/episode": 143, "train/total_time": 63047.398611068726, "train/consistency_loss": 5.758541647082893e-06, "train/reward_loss": 0.03080855682492256, "train/value_loss": 0.15099890530109406, "train/total_loss": 0.010745972394943237, "train/grad_norm": 0.00695064989849925, "train/pi_loss": -0.12563671171665192, "train/pi_grad_norm": 0.055684830993413925, "train/pi_entropy": -379.3888854980469, "train/pi_scaled_entropy": 4817.48291015625, "train/pi_scale": 1.0, "_wandb": {"runtime": 63108}}