{"eval/episode_reward": 0.8168090581893921, "eval/episode_success": 0.0, "eval/step": 0, "eval/episode": 0, "eval/total_time": 11.020330667495728, "_timestamp": 1745127780.3161964, "_runtime": 14.51085352897644, "_step": 2500, "train/episode_reward": 8.516646385192871, "train/episode_success": 0.0, "train/step": 2500, "train/episode": 4, "train/total_time": 11.303017139434814, "_wandb": {"runtime": 13}}