{"eval/episode_reward": 125.42936706542969, "eval/episode_success": 0.0, "eval/step": 0, "eval/episode": 0, "eval/total_time": 47.47489547729492, "_timestamp": 1746812995.367808, "_runtime": 374.78289699554443, "_step": 2700, "train/episode_reward": 167.97952270507812, "train/episode_success": 0.0, "train/step": 2700, "train/episode": 26, "train/total_time": 370.16463565826416, "train/reward_loss": 0.8543254733085632, "train/value_loss": 0.6264744400978088, "train/consistency_loss": 1.4597778317693155e-05, "train/model_loss": 0.14822596311569214, "train/pi_loss": -0.35324546694755554, "train/pi_entropy": 2.7275378704071045, "train/pi_scaled_entropy": 10.910151481628418, "train/pi_q": 1.2397866249084473, "train/pi_scale": 38.225791931152344, "_wandb": {"runtime": 372}}