{"eval/episode_reward": 200.36026000976562, "eval/episode_success": 0.0, "eval/step": 0, "eval/episode": 0, "eval/total_time": 17.140560150146484, "_timestamp": 1747041997.2096004, "_runtime": 427.1419904232025, "_step": 5700, "train/episode_reward": 544.927734375, "train/episode_success": 0.0, "train/step": 5700, "train/episode": 56, "train/total_time": 422.9502172470093, "train/reward_loss": 0.7176164388656616, "train/value_loss": 0.6998326778411865, "train/consistency_loss": 1.8485643522581086e-06, "train/total_loss": 0.14178188145160675, "train/grad_norm": 18.670087814331055, "train/pi_loss": -0.0011416737688705325, "train/pi_grad_norm": 0.001104241469874978, "train/pi_entropy": -37.36500549316406, "train/pi_scaled_entropy": 51.8653678894043, "train/pi_scale": 1.0, "_wandb": {"runtime": 427}}