{"eval/episode_reward": 279.42144775390625, "eval/episode_success": 0.0, "eval/step": 0, "eval/episode": 0, "eval/total_time": 16.237573623657227, "_timestamp": 1747040212.1232812, "_runtime": 892.433244228363, "_step": 11500, "train/episode_reward": 1774.81689453125, "train/episode_success": 1.0, "train/step": 11500, "train/episode": 114, "train/total_time": 887.5936439037323, "train/reward_loss": 0.6218397617340088, "train/value_loss": 0.6250622272491455, "train/consistency_loss": 1.5017198506939167e-07, "train/total_loss": 0.12469319999217987, "train/grad_norm": 15.438826560974121, "train/pi_loss": 0.06594555079936981, "train/pi_grad_norm": 0.21041876077651978, "train/pi_entropy": -24.965301513671875, "train/pi_scaled_entropy": 18.3323917388916, "train/pi_q": -0.1149623841047287, "train/pi_scale": 1.0, "_wandb": {"runtime": 888}}