{"eval/episode_reward": 317.9283142089844, "eval/episode_success": 0.0, "eval/step": 0, "eval/episode": 0, "eval/total_time": 1.3925807476043701, "_timestamp": 1745301917.1736217, "_runtime": 6.75672173500061, "_step": 1000, "train/episode_reward": 361.0516662597656, "train/episode_success": 0.0, "train/step": 1000, "train/episode": 9, "train/total_time": 1.7860944271087646, "_wandb": {"runtime": 3}}