{"eval/episode_reward": 0.8095062375068665, "eval/episode_success": 0.0, "eval/step": 0, "eval/episode": 0, "eval/total_time": 9.341646909713745, "_timestamp": 1745155561.8054283, "_runtime": 13.480518341064453, "_step": 2500, "train/episode_reward": 7.111454486846924, "train/episode_success": 0.0, "train/step": 2500, "train/episode": 4, "train/total_time": 9.616044521331787, "_wandb": {"runtime": 11}}