{"eval/episode_reward": 275.57061767578125, "eval/episode_success": 0.0, "eval/step": 0, "eval/episode": 0, "eval/total_time": 21.61116313934326, "_timestamp": 1745852270.4268131, "_runtime": 489.16050815582275, "_step": 5000, "train/episode_reward": 63.89619445800781, "train/episode_success": 0.0, "train/step": 5000, "train/episode": 49, "train/total_time": 483.93225932121277, "train/policy_loss": 1.5333024263381958, "train/reward_loss": 0.1475808471441269, "train/value_loss": 0.003029986983165145, "train/consistency_loss": 5.285797897158773e-07, "train/total_loss": 0.01506636943668127, "_wandb": {"runtime": 493}}