{"eval/episode_reward": 355.29522705078125, "eval/episode_success": 0.0, "eval/step": 0, "eval/episode": 0, "eval/total_time": 46.67943978309631, "_timestamp": 1746759629.8778517, "_runtime": 1063.7623867988586, "_step": 7200, "train/episode_reward": 111.02388000488281, "train/episode_success": 0.0, "train/step": 7200, "train/episode": 71, "train/total_time": 1059.0741345882416, "train/reward_loss": 0.09695582091808319, "train/value_loss": 0.008751878514885902, "train/consistency_loss": 5.9573085309239104e-06, "train/model_loss": 0.010630343109369278, "train/pi_loss": -1.7684144973754883, "train/entropy_coef": 0.001, "train/entropy": -14.32424545288086, "train/adv_std": 0.7545897960662842, "_wandb": {"runtime": 1072}}