{"eval/episode_reward": 5.455766201019287, "eval/episode_success": 0.0, "eval/step": 0, "eval/episode": 0, "eval/total_time": 61.0519642829895, "_timestamp": 1745849281.7596498, "_runtime": 2339.471979856491, "_step": 13500, "train/episode_reward": 3.9101274013519287, "train/episode_success": 0.0, "train/step": 13500, "train/episode": 134, "train/total_time": 2336.178040266037, "train/policy_loss": 3.1034865379333496, "train/reward_loss": 0.03119603358209133, "train/value_loss": 0.11248880624771118, "train/consistency_loss": 1.550997268395804e-07, "train/total_loss": 0.014370035380125046, "_wandb": {"runtime": 2343}}